"Product code","File to create (src/assets/products/loto/items/)","Category","Name","Size / option","Pack"
"HM-153452","HM-153452.webp","Lockout padlocks","Safety padlock, nylon body, steel shackle, Red","Standard","Keyed different · single"
"LOTO-PAD-014","LOTO-PAD-014.webp","Lockout padlocks","Safety padlock, nylon body, steel shackle, Red","Standard","Keyed different · pack of 6"
"LOTO-PAD-015","LOTO-PAD-015.webp","Lockout padlocks","Safety padlock, nylon body, steel shackle, Red","Standard","Keyed alike · pack of 6"
"LOTO-PAD-016","LOTO-PAD-016.webp","Lockout padlocks","Safety padlock, nylon body, steel shackle, Red","Standard","Keyed different · pack of 12"
"LOTO-PAD-017","LOTO-PAD-017.webp","Lockout padlocks","Safety padlock, nylon body, steel shackle, Red","Standard","Keyed alike · pack of 12"
"LOTO-PAD-018","LOTO-PAD-018.webp","Lockout padlocks","Safety padlock, nylon body, steel shackle, Red","Standard","Keyed different · pack of 24"
"LOTO-PAD-019","LOTO-PAD-019.webp","Lockout padlocks","Safety padlock, nylon body, steel shackle, Red","Standard","Keyed alike · pack of 24"
"LOTO-PAD-029","LOTO-PAD-029.webp","Lockout padlocks","Safety padlock, nylon body, steel shackle, Yellow","Standard","Keyed different · single"
"LOTO-PAD-030","LOTO-PAD-030.webp","Lockout padlocks","Safety padlock, nylon body, steel shackle, Yellow","Standard","Keyed different · pack of 6"
"LOTO-PAD-031","LOTO-PAD-031.webp","Lockout padlocks","Safety padlock, nylon body, steel shackle, Yellow","Standard","Keyed alike · pack of 6"
"LOTO-PAD-020","LOTO-PAD-020.webp","Lockout padlocks","Safety padlock, nylon body, steel shackle, Green","Standard","Keyed different · single"
"LOTO-PAD-021","LOTO-PAD-021.webp","Lockout padlocks","Safety padlock, nylon body, steel shackle, Green","Standard","Keyed different · pack of 6"
"LOTO-PAD-022","LOTO-PAD-022.webp","Lockout padlocks","Safety padlock, nylon body, steel shackle, Green","Standard","Keyed alike · pack of 6"
"LOTO-PAD-026","LOTO-PAD-026.webp","Lockout padlocks","Safety padlock, nylon body, steel shackle, Blue","Standard","Keyed different · single"
"LOTO-PAD-027","LOTO-PAD-027.webp","Lockout padlocks","Safety padlock, nylon body, steel shackle, Blue","Standard","Keyed different · pack of 6"
"LOTO-PAD-028","LOTO-PAD-028.webp","Lockout padlocks","Safety padlock, nylon body, steel shackle, Blue","Standard","Keyed alike · pack of 6"
"LOTO-PAD-023","LOTO-PAD-023.webp","Lockout padlocks","Safety padlock, nylon body, steel shackle, Orange","Standard","Keyed different · single"
"LOTO-PAD-024","LOTO-PAD-024.webp","Lockout padlocks","Safety padlock, nylon body, steel shackle, Orange","Standard","Keyed different · pack of 6"
"LOTO-PAD-025","LOTO-PAD-025.webp","Lockout padlocks","Safety padlock, nylon body, steel shackle, Orange","Standard","Keyed alike · pack of 6"
"LOTO-PAD-032","LOTO-PAD-032.webp","Lockout padlocks","Safety padlock, nylon body, steel shackle, Black","Standard","Keyed different · single"
"LOTO-PAD-033","LOTO-PAD-033.webp","Lockout padlocks","Safety padlock, nylon body, steel shackle, Black","Standard","Keyed alike · pack of 6"
"LOTO-PAD-034","LOTO-PAD-034.webp","Lockout padlocks","Safety padlock, nylon body, steel shackle, White","Standard","Keyed different · single"
"LOTO-PAD-035","LOTO-PAD-035.webp","Lockout padlocks","Safety padlock, nylon body, steel shackle, White","Standard","Keyed alike · pack of 6"
"LOTO-PAD-036","LOTO-PAD-036.webp","Lockout padlocks","Safety padlock, nylon body, steel shackle, Brown","Standard","Keyed different · single"
"LOTO-PAD-037","LOTO-PAD-037.webp","Lockout padlocks","Safety padlock, nylon body, steel shackle, Brown","Standard","Keyed alike · pack of 6"
"LOTO-PAD-038","LOTO-PAD-038.webp","Lockout padlocks","Safety padlock, nylon body, steel shackle, Purple","Standard","Keyed different · single"
"LOTO-PAD-039","LOTO-PAD-039.webp","Lockout padlocks","Safety padlock, nylon body, steel shackle, Purple","Standard","Keyed alike · pack of 6"
"V-NPL-KD","V-NPL-KD.webp","Lockout padlocks","Safety padlock, nylon body, non-conductive shackle, Red","Standard","Keyed different · single"
"LOTO-PAD-040","LOTO-PAD-040.webp","Lockout padlocks","Safety padlock, nylon body, non-conductive shackle, Red","Standard","Keyed different · pack of 6"
"LOTO-PAD-041","LOTO-PAD-041.webp","Lockout padlocks","Safety padlock, nylon body, non-conductive shackle, Red","Standard","Keyed alike · pack of 6"
"LOTO-PAD-042","LOTO-PAD-042.webp","Lockout padlocks","Safety padlock, nylon body, non-conductive shackle, Red","Standard","Keyed different · pack of 12"
"LOTO-PAD-043","LOTO-PAD-043.webp","Lockout padlocks","Safety padlock, nylon body, non-conductive shackle, Red","Standard","Keyed alike · pack of 12"
"LOTO-PAD-044","LOTO-PAD-044.webp","Lockout padlocks","Safety padlock, nylon body, non-conductive shackle, Red","Standard","Keyed different · pack of 24"
"LOTO-PAD-045","LOTO-PAD-045.webp","Lockout padlocks","Safety padlock, nylon body, non-conductive shackle, Red","Standard","Keyed alike · pack of 24"
"LOTO-PAD-055","LOTO-PAD-055.webp","Lockout padlocks","Safety padlock, nylon body, non-conductive shackle, Yellow","Standard","Keyed different · single"
"LOTO-PAD-056","LOTO-PAD-056.webp","Lockout padlocks","Safety padlock, nylon body, non-conductive shackle, Yellow","Standard","Keyed different · pack of 6"
"LOTO-PAD-057","LOTO-PAD-057.webp","Lockout padlocks","Safety padlock, nylon body, non-conductive shackle, Yellow","Standard","Keyed alike · pack of 6"
"LOTO-PAD-046","LOTO-PAD-046.webp","Lockout padlocks","Safety padlock, nylon body, non-conductive shackle, Green","Standard","Keyed different · single"
"LOTO-PAD-047","LOTO-PAD-047.webp","Lockout padlocks","Safety padlock, nylon body, non-conductive shackle, Green","Standard","Keyed different · pack of 6"
"LOTO-PAD-048","LOTO-PAD-048.webp","Lockout padlocks","Safety padlock, nylon body, non-conductive shackle, Green","Standard","Keyed alike · pack of 6"
"LOTO-PAD-052","LOTO-PAD-052.webp","Lockout padlocks","Safety padlock, nylon body, non-conductive shackle, Blue","Standard","Keyed different · single"
"LOTO-PAD-053","LOTO-PAD-053.webp","Lockout padlocks","Safety padlock, nylon body, non-conductive shackle, Blue","Standard","Keyed different · pack of 6"
"LOTO-PAD-054","LOTO-PAD-054.webp","Lockout padlocks","Safety padlock, nylon body, non-conductive shackle, Blue","Standard","Keyed alike · pack of 6"
"LOTO-PAD-049","LOTO-PAD-049.webp","Lockout padlocks","Safety padlock, nylon body, non-conductive shackle, Orange","Standard","Keyed different · single"
"LOTO-PAD-050","LOTO-PAD-050.webp","Lockout padlocks","Safety padlock, nylon body, non-conductive shackle, Orange","Standard","Keyed different · pack of 6"
"LOTO-PAD-051","LOTO-PAD-051.webp","Lockout padlocks","Safety padlock, nylon body, non-conductive shackle, Orange","Standard","Keyed alike · pack of 6"
"LOTO-PAD-058","LOTO-PAD-058.webp","Lockout padlocks","Safety padlock, nylon body, non-conductive shackle, Black","Standard","Keyed different · single"
"LOTO-PAD-059","LOTO-PAD-059.webp","Lockout padlocks","Safety padlock, nylon body, non-conductive shackle, Black","Standard","Keyed alike · pack of 6"
"LOTO-PAD-060","LOTO-PAD-060.webp","Lockout padlocks","Safety padlock, nylon body, non-conductive shackle, White","Standard","Keyed different · single"
"LOTO-PAD-061","LOTO-PAD-061.webp","Lockout padlocks","Safety padlock, nylon body, non-conductive shackle, White","Standard","Keyed alike · pack of 6"
"LOTO-PAD-062","LOTO-PAD-062.webp","Lockout padlocks","Safety padlock, nylon body, non-conductive shackle, Brown","Standard","Keyed different · single"
"LOTO-PAD-063","LOTO-PAD-063.webp","Lockout padlocks","Safety padlock, nylon body, non-conductive shackle, Brown","Standard","Keyed alike · pack of 6"
"LOTO-PAD-064","LOTO-PAD-064.webp","Lockout padlocks","Safety padlock, nylon body, non-conductive shackle, Purple","Standard","Keyed different · single"
"LOTO-PAD-065","LOTO-PAD-065.webp","Lockout padlocks","Safety padlock, nylon body, non-conductive shackle, Purple","Standard","Keyed alike · pack of 6"
"LOTO-PAD-066","LOTO-PAD-066.webp","Lockout padlocks","Safety padlock, aluminium body, Red","38 mm steel shackle","Keyed different · single"
"LOTO-PAD-067","LOTO-PAD-067.webp","Lockout padlocks","Safety padlock, aluminium body, Red","38 mm steel shackle","Keyed different · pack of 6"
"LOTO-PAD-068","LOTO-PAD-068.webp","Lockout padlocks","Safety padlock, aluminium body, Red","38 mm steel shackle","Keyed alike · pack of 6"
"LOTO-PAD-069","LOTO-PAD-069.webp","Lockout padlocks","Safety padlock, aluminium body, Red","38 mm steel shackle","Keyed different · pack of 12"
"LOTO-PAD-070","LOTO-PAD-070.webp","Lockout padlocks","Safety padlock, aluminium body, Red","38 mm steel shackle","Keyed alike · pack of 12"
"LOTO-PAD-071","LOTO-PAD-071.webp","Lockout padlocks","Safety padlock, aluminium body, Red","38 mm steel shackle","Keyed different · pack of 24"
"LOTO-PAD-072","LOTO-PAD-072.webp","Lockout padlocks","Safety padlock, aluminium body, Red","38 mm steel shackle","Keyed alike · pack of 24"
"LOTO-PAD-093","LOTO-PAD-093.webp","Lockout padlocks","Safety padlock, aluminium body, Red","76 mm steel shackle","Keyed different · single"
"LOTO-PAD-082","LOTO-PAD-082.webp","Lockout padlocks","Safety padlock, aluminium body, Yellow","38 mm steel shackle","Keyed different · single"
"LOTO-PAD-083","LOTO-PAD-083.webp","Lockout padlocks","Safety padlock, aluminium body, Yellow","38 mm steel shackle","Keyed different · pack of 6"
"LOTO-PAD-084","LOTO-PAD-084.webp","Lockout padlocks","Safety padlock, aluminium body, Yellow","38 mm steel shackle","Keyed alike · pack of 6"
"LOTO-PAD-097","LOTO-PAD-097.webp","Lockout padlocks","Safety padlock, aluminium body, Yellow","76 mm steel shackle","Keyed different · single"
"LOTO-PAD-073","LOTO-PAD-073.webp","Lockout padlocks","Safety padlock, aluminium body, Green","38 mm steel shackle","Keyed different · single"
"LOTO-PAD-074","LOTO-PAD-074.webp","Lockout padlocks","Safety padlock, aluminium body, Green","38 mm steel shackle","Keyed different · pack of 6"
"LOTO-PAD-075","LOTO-PAD-075.webp","Lockout padlocks","Safety padlock, aluminium body, Green","38 mm steel shackle","Keyed alike · pack of 6"
"LOTO-PAD-094","LOTO-PAD-094.webp","Lockout padlocks","Safety padlock, aluminium body, Green","76 mm steel shackle","Keyed different · single"
"LOTO-PAD-079","LOTO-PAD-079.webp","Lockout padlocks","Safety padlock, aluminium body, Blue","38 mm steel shackle","Keyed different · single"
"LOTO-PAD-080","LOTO-PAD-080.webp","Lockout padlocks","Safety padlock, aluminium body, Blue","38 mm steel shackle","Keyed different · pack of 6"
"LOTO-PAD-081","LOTO-PAD-081.webp","Lockout padlocks","Safety padlock, aluminium body, Blue","38 mm steel shackle","Keyed alike · pack of 6"
"LOTO-PAD-096","LOTO-PAD-096.webp","Lockout padlocks","Safety padlock, aluminium body, Blue","76 mm steel shackle","Keyed different · single"
"LOTO-PAD-076","LOTO-PAD-076.webp","Lockout padlocks","Safety padlock, aluminium body, Orange","38 mm steel shackle","Keyed different · single"
"LOTO-PAD-077","LOTO-PAD-077.webp","Lockout padlocks","Safety padlock, aluminium body, Orange","38 mm steel shackle","Keyed different · pack of 6"
"LOTO-PAD-078","LOTO-PAD-078.webp","Lockout padlocks","Safety padlock, aluminium body, Orange","38 mm steel shackle","Keyed alike · pack of 6"
"LOTO-PAD-095","LOTO-PAD-095.webp","Lockout padlocks","Safety padlock, aluminium body, Orange","76 mm steel shackle","Keyed different · single"
"LOTO-PAD-085","LOTO-PAD-085.webp","Lockout padlocks","Safety padlock, aluminium body, Black","38 mm steel shackle","Keyed different · single"
"LOTO-PAD-086","LOTO-PAD-086.webp","Lockout padlocks","Safety padlock, aluminium body, Black","38 mm steel shackle","Keyed alike · pack of 6"
"LOTO-PAD-098","LOTO-PAD-098.webp","Lockout padlocks","Safety padlock, aluminium body, Black","76 mm steel shackle","Keyed different · single"
"LOTO-PAD-087","LOTO-PAD-087.webp","Lockout padlocks","Safety padlock, aluminium body, White","38 mm steel shackle","Keyed different · single"
"LOTO-PAD-088","LOTO-PAD-088.webp","Lockout padlocks","Safety padlock, aluminium body, White","38 mm steel shackle","Keyed alike · pack of 6"
"LOTO-PAD-099","LOTO-PAD-099.webp","Lockout padlocks","Safety padlock, aluminium body, White","76 mm steel shackle","Keyed different · single"
"LOTO-PAD-089","LOTO-PAD-089.webp","Lockout padlocks","Safety padlock, aluminium body, Brown","38 mm steel shackle","Keyed different · single"
"LOTO-PAD-090","LOTO-PAD-090.webp","Lockout padlocks","Safety padlock, aluminium body, Brown","38 mm steel shackle","Keyed alike · pack of 6"
"LOTO-PAD-100","LOTO-PAD-100.webp","Lockout padlocks","Safety padlock, aluminium body, Brown","76 mm steel shackle","Keyed different · single"
"LOTO-PAD-091","LOTO-PAD-091.webp","Lockout padlocks","Safety padlock, aluminium body, Purple","38 mm steel shackle","Keyed different · single"
"LOTO-PAD-092","LOTO-PAD-092.webp","Lockout padlocks","Safety padlock, aluminium body, Purple","38 mm steel shackle","Keyed alike · pack of 6"
"LOTO-PAD-101","LOTO-PAD-101.webp","Lockout padlocks","Safety padlock, aluminium body, Purple","76 mm steel shackle","Keyed different · single"
"LOTO-PAD-102","LOTO-PAD-102.webp","Lockout padlocks","Compact safety padlock, nylon body, Red","25 mm aluminium shackle","Keyed different · single"
"LOTO-PAD-103","LOTO-PAD-103.webp","Lockout padlocks","Compact safety padlock, nylon body, Red","25 mm aluminium shackle","Keyed alike · pack of 6"
"LOTO-PAD-120","LOTO-PAD-120.webp","Lockout padlocks","Compact safety padlock, nylon body, Red","200 mm cable shackle","Keyed different · single"
"LOTO-PAD-121","LOTO-PAD-121.webp","Lockout padlocks","Compact safety padlock, nylon body, Red","200 mm cable shackle","Keyed alike · pack of 6"
"LOTO-PAD-133","LOTO-PAD-133.webp","Lockout padlocks","Compact safety padlock, nylon body, Red","400 mm cable shackle","Keyed different · single"
"LOTO-PAD-134","LOTO-PAD-134.webp","Lockout padlocks","Compact safety padlock, nylon body, Red","400 mm cable shackle","Keyed alike · pack of 6"
"LOTO-PAD-110","LOTO-PAD-110.webp","Lockout padlocks","Compact safety padlock, nylon body, Yellow","25 mm aluminium shackle","Keyed different · single"
"LOTO-PAD-111","LOTO-PAD-111.webp","Lockout padlocks","Compact safety padlock, nylon body, Yellow","25 mm aluminium shackle","Keyed alike · pack of 6"
"LOTO-PAD-127","LOTO-PAD-127.webp","Lockout padlocks","Compact safety padlock, nylon body, Yellow","200 mm cable shackle","Keyed different · single"
"LOTO-PAD-128","LOTO-PAD-128.webp","Lockout padlocks","Compact safety padlock, nylon body, Yellow","200 mm cable shackle","Keyed alike · pack of 6"
"LOTO-PAD-140","LOTO-PAD-140.webp","Lockout padlocks","Compact safety padlock, nylon body, Yellow","400 mm cable shackle","Keyed different · single"
"LOTO-PAD-141","LOTO-PAD-141.webp","Lockout padlocks","Compact safety padlock, nylon body, Yellow","400 mm cable shackle","Keyed alike · pack of 6"
"LOTO-PAD-104","LOTO-PAD-104.webp","Lockout padlocks","Compact safety padlock, nylon body, Green","25 mm aluminium shackle","Keyed different · single"
"LOTO-PAD-105","LOTO-PAD-105.webp","Lockout padlocks","Compact safety padlock, nylon body, Green","25 mm aluminium shackle","Keyed alike · pack of 6"
"LOTO-PAD-122","LOTO-PAD-122.webp","Lockout padlocks","Compact safety padlock, nylon body, Green","200 mm cable shackle","Keyed different · single"
"LOTO-PAD-123","LOTO-PAD-123.webp","Lockout padlocks","Compact safety padlock, nylon body, Green","200 mm cable shackle","Keyed alike · pack of 6"
"LOTO-PAD-135","LOTO-PAD-135.webp","Lockout padlocks","Compact safety padlock, nylon body, Green","400 mm cable shackle","Keyed different · single"
"LOTO-PAD-136","LOTO-PAD-136.webp","Lockout padlocks","Compact safety padlock, nylon body, Green","400 mm cable shackle","Keyed alike · pack of 6"
"LOTO-PAD-108","LOTO-PAD-108.webp","Lockout padlocks","Compact safety padlock, nylon body, Blue","25 mm aluminium shackle","Keyed different · single"
"LOTO-PAD-109","LOTO-PAD-109.webp","Lockout padlocks","Compact safety padlock, nylon body, Blue","25 mm aluminium shackle","Keyed alike · pack of 6"
"LOTO-PAD-125","LOTO-PAD-125.webp","Lockout padlocks","Compact safety padlock, nylon body, Blue","200 mm cable shackle","Keyed different · single"
"LOTO-PAD-126","LOTO-PAD-126.webp","Lockout padlocks","Compact safety padlock, nylon body, Blue","200 mm cable shackle","Keyed alike · pack of 6"
"LOTO-PAD-138","LOTO-PAD-138.webp","Lockout padlocks","Compact safety padlock, nylon body, Blue","400 mm cable shackle","Keyed different · single"
"LOTO-PAD-139","LOTO-PAD-139.webp","Lockout padlocks","Compact safety padlock, nylon body, Blue","400 mm cable shackle","Keyed alike · pack of 6"
"LOTO-PAD-106","LOTO-PAD-106.webp","Lockout padlocks","Compact safety padlock, nylon body, Orange","25 mm aluminium shackle","Keyed different · single"
"LOTO-PAD-107","LOTO-PAD-107.webp","Lockout padlocks","Compact safety padlock, nylon body, Orange","25 mm aluminium shackle","Keyed alike · pack of 6"
"LOTO-PAD-124","LOTO-PAD-124.webp","Lockout padlocks","Compact safety padlock, nylon body, Orange","200 mm cable shackle","Keyed different · single"
"LOTO-PAD-137","LOTO-PAD-137.webp","Lockout padlocks","Compact safety padlock, nylon body, Orange","400 mm cable shackle","Keyed different · single"
"LOTO-PAD-112","LOTO-PAD-112.webp","Lockout padlocks","Compact safety padlock, nylon body, Black","25 mm aluminium shackle","Keyed different · single"
"LOTO-PAD-113","LOTO-PAD-113.webp","Lockout padlocks","Compact safety padlock, nylon body, Black","25 mm aluminium shackle","Keyed alike · pack of 6"
"LOTO-PAD-129","LOTO-PAD-129.webp","Lockout padlocks","Compact safety padlock, nylon body, Black","200 mm cable shackle","Keyed different · single"
"LOTO-PAD-142","LOTO-PAD-142.webp","Lockout padlocks","Compact safety padlock, nylon body, Black","400 mm cable shackle","Keyed different · single"
"LOTO-PAD-114","LOTO-PAD-114.webp","Lockout padlocks","Compact safety padlock, nylon body, White","25 mm aluminium shackle","Keyed different · single"
"LOTO-PAD-115","LOTO-PAD-115.webp","Lockout padlocks","Compact safety padlock, nylon body, White","25 mm aluminium shackle","Keyed alike · pack of 6"
"LOTO-PAD-130","LOTO-PAD-130.webp","Lockout padlocks","Compact safety padlock, nylon body, White","200 mm cable shackle","Keyed different · single"
"LOTO-PAD-143","LOTO-PAD-143.webp","Lockout padlocks","Compact safety padlock, nylon body, White","400 mm cable shackle","Keyed different · single"
"LOTO-PAD-116","LOTO-PAD-116.webp","Lockout padlocks","Compact safety padlock, nylon body, Brown","25 mm aluminium shackle","Keyed different · single"
"LOTO-PAD-117","LOTO-PAD-117.webp","Lockout padlocks","Compact safety padlock, nylon body, Brown","25 mm aluminium shackle","Keyed alike · pack of 6"
"LOTO-PAD-131","LOTO-PAD-131.webp","Lockout padlocks","Compact safety padlock, nylon body, Brown","200 mm cable shackle","Keyed different · single"
"LOTO-PAD-144","LOTO-PAD-144.webp","Lockout padlocks","Compact safety padlock, nylon body, Brown","400 mm cable shackle","Keyed different · single"
"LOTO-PAD-118","LOTO-PAD-118.webp","Lockout padlocks","Compact safety padlock, nylon body, Purple","25 mm aluminium shackle","Keyed different · single"
"LOTO-PAD-119","LOTO-PAD-119.webp","Lockout padlocks","Compact safety padlock, nylon body, Purple","25 mm aluminium shackle","Keyed alike · pack of 6"
"LOTO-PAD-132","LOTO-PAD-132.webp","Lockout padlocks","Compact safety padlock, nylon body, Purple","200 mm cable shackle","Keyed different · single"
"LOTO-PAD-145","LOTO-PAD-145.webp","Lockout padlocks","Compact safety padlock, nylon body, Purple","400 mm cable shackle","Keyed different · single"
"LOTO-PAD-146","LOTO-PAD-146.webp","Lockout padlocks","Compact safety padlock, aluminium body, Red","Standard","Keyed different · single"
"LOTO-PAD-147","LOTO-PAD-147.webp","Lockout padlocks","Compact safety padlock, aluminium body, Red","Standard","Keyed alike · pack of 6"
"LOTO-PAD-154","LOTO-PAD-154.webp","Lockout padlocks","Compact safety padlock, aluminium body, Yellow","Standard","Keyed different · single"
"LOTO-PAD-155","LOTO-PAD-155.webp","Lockout padlocks","Compact safety padlock, aluminium body, Yellow","Standard","Keyed alike · pack of 6"
"LOTO-PAD-148","LOTO-PAD-148.webp","Lockout padlocks","Compact safety padlock, aluminium body, Green","Standard","Keyed different · single"
"LOTO-PAD-149","LOTO-PAD-149.webp","Lockout padlocks","Compact safety padlock, aluminium body, Green","Standard","Keyed alike · pack of 6"
"LOTO-PAD-152","LOTO-PAD-152.webp","Lockout padlocks","Compact safety padlock, aluminium body, Blue","Standard","Keyed different · single"
"LOTO-PAD-153","LOTO-PAD-153.webp","Lockout padlocks","Compact safety padlock, aluminium body, Blue","Standard","Keyed alike · pack of 6"
"LOTO-PAD-150","LOTO-PAD-150.webp","Lockout padlocks","Compact safety padlock, aluminium body, Orange","Standard","Keyed different · single"
"LOTO-PAD-151","LOTO-PAD-151.webp","Lockout padlocks","Compact safety padlock, aluminium body, Orange","Standard","Keyed alike · pack of 6"
"LOTO-PAD-156","LOTO-PAD-156.webp","Lockout padlocks","Compact safety padlock, aluminium body, Black","Standard","Keyed different · single"
"LOTO-PAD-157","LOTO-PAD-157.webp","Lockout padlocks","Compact safety padlock, aluminium body, Black","Standard","Keyed alike · pack of 6"
"LOTO-PAD-158","LOTO-PAD-158.webp","Lockout padlocks","Compact safety padlock, aluminium body, White","Standard","Keyed different · single"
"LOTO-PAD-159","LOTO-PAD-159.webp","Lockout padlocks","Compact safety padlock, aluminium body, White","Standard","Keyed alike · pack of 6"
"LOTO-PAD-160","LOTO-PAD-160.webp","Lockout padlocks","Compact safety padlock, aluminium body, Brown","Standard","Keyed different · single"
"LOTO-PAD-161","LOTO-PAD-161.webp","Lockout padlocks","Compact safety padlock, aluminium body, Brown","Standard","Keyed alike · pack of 6"
"LOTO-PAD-162","LOTO-PAD-162.webp","Lockout padlocks","Compact safety padlock, aluminium body, Purple","Standard","Keyed different · single"
"LOTO-PAD-163","LOTO-PAD-163.webp","Lockout padlocks","Compact safety padlock, aluminium body, Purple","Standard","Keyed alike · pack of 6"
"GS PJLS-P KD","GS_PJLS-P_KD.webp","Lockout padlocks","Safety padlock, insulated jacket, Long shackle","Prime","Keyed different · single"
"GS PJLS-P KA","GS_PJLS-P_KA.webp","Lockout padlocks","Safety padlock, insulated jacket, Long shackle","Prime","Keyed alike · single"
"GS PJLS-KD","GS_PJLS-KD.webp","Lockout padlocks","Safety padlock, insulated jacket, Long shackle","Standard","Keyed different · single"
"GS PJLS-KA","GS_PJLS-KA.webp","Lockout padlocks","Safety padlock, insulated jacket, Long shackle","Standard","Keyed alike · single"
"V-PLSP-KD","V-PLSP-KD.webp","Lockout padlocks","Safety padlock, insulated jacket, Premier, red","Standard","Keyed different · single"
"LSP-KD+M","LSP-KD_M.webp","Lockout padlocks","Safety padlock, insulated jacket, Premier, red, master key (1 per 5 locks)","Standard","Keyed different · single"
"GS PJRS-P KD","GS_PJRS-P_KD.webp","Lockout padlocks","Safety padlock, insulated jacket, Regular shackle","Prime","Keyed different · single"
"GS PJRS-KD","GS_PJRS-KD.webp","Lockout padlocks","Safety padlock, insulated jacket, Regular shackle","Standard","Keyed different · single"
"V-PRS-3A","V-PRS-3A.webp","Lockout padlocks","Safety padlock, insulated jacket, Regular, same key","Standard","Keyed alike · pack of 3"
"GS SLPC-1F","GS_SLPC-1F.webp","Lockout padlocks","Cable safety padlock","1 ft cable","Single"
"GS SLPC-2F","GS_SLPC-2F.webp","Lockout padlocks","Cable safety padlock","2 ft cable","Single"
"GS SLPC-3F","GS_SLPC-3F.webp","Lockout padlocks","Cable safety padlock","3 ft cable","Single"
"GS SLPC-4F","GS_SLPC-4F.webp","Lockout padlocks","Cable safety padlock","4 ft cable","Single"
"GS SLPC-5F","GS_SLPC-5F.webp","Lockout padlocks","Cable safety padlock","5 ft cable","Single"
"LOTO-PAD-011","LOTO-PAD-011.webp","Lockout padlocks","Padlock labels, Blank, write-on","0.625 × 4 in.","Pack of 5"
"LOTO-PAD-013","LOTO-PAD-013.webp","Lockout padlocks","Padlock labels, Blank, write-on","0.75 × 4.5 in.","Pack of 25"
"LOTO-PAD-012","LOTO-PAD-012.webp","Lockout padlocks","Padlock labels, Blank, write-on","0.75 × 5 in.","Pack of 40"
"LOTO-PAD-001","LOTO-PAD-001.webp","Lockout padlocks","Padlock labels, English","0.75 × 4.5 in.","Pack of 6"
"LOTO-PAD-008","LOTO-PAD-008.webp","Lockout padlocks","Padlock labels, English","0.8 × 1.1 in.","Pack of 6"
"LOTO-PAD-007","LOTO-PAD-007.webp","Lockout padlocks","Padlock labels, English / French / Spanish","Standard","6 of each language"
"LOTO-PAD-004","LOTO-PAD-004.webp","Lockout padlocks","Padlock labels, English / French / Spanish","Compact, 0.89 × 1 in.","6 cards"
"LOTO-PAD-005","LOTO-PAD-005.webp","Lockout padlocks","Padlock labels, English / French / Spanish","Standard, 1.12 × 1 in.","6 cards"
"LOTO-PAD-003","LOTO-PAD-003.webp","Lockout padlocks","Padlock labels, French","0.75 × 4.5 in.","Pack of 6"
"LOTO-PAD-010","LOTO-PAD-010.webp","Lockout padlocks","Padlock labels, French","0.8 × 1.1 in.","Pack of 6"
"LOTO-PAD-006","LOTO-PAD-006.webp","Lockout padlocks","Padlock labels, Overlaminate strips","1 × 6 in.","Pack of 40"
"LOTO-PAD-002","LOTO-PAD-002.webp","Lockout padlocks","Padlock labels, Spanish","0.75 × 4.5 in.","Pack of 6"
"LOTO-PAD-009","LOTO-PAD-009.webp","Lockout padlocks","Padlock labels, Spanish","0.8 × 1.1 in.","Pack of 6"
"LOTO-GRP-004","LOTO-GRP-004.webp","Group lockout","Permit control station, Display case only","Standard","Single"
"LOTO-GRP-001","LOTO-GRP-001.webp","Group lockout","Permit control station, With 26-lock group box","Standard","Single"
"LOTO-GRP-002","LOTO-GRP-002.webp","Group lockout","Permit control station, With slim 12-lock box","Standard","Single"
"LOTO-GRP-003","LOTO-GRP-003.webp","Group lockout","Permit control station, With ultra-compact box","Standard","Single"
"LOTO-GRP-005","LOTO-GRP-005.webp","Group lockout","Ultra-compact group lock box, Red","Box only","Single"
"LOTO-GRP-006","LOTO-GRP-006.webp","Group lockout","Ultra-compact group lock box, Red","With 6 keyed-alike locks","Single"
"LOTO-GRP-007","LOTO-GRP-007.webp","Group lockout","Ultra-compact group lock box, Red","With 6 keyed-different locks","Single"
"LOTO-GRP-008","LOTO-GRP-008.webp","Group lockout","Group lockout box (by lock capacity), Red","26 locks","Single"
"LOTO-GRP-009","LOTO-GRP-009.webp","Group lockout","Group lockout box (by lock capacity), Yellow","26 locks","Single"
"GS GLB-S26","GS_GLB-S26.webp","Group lockout","Group lockout box (by lock capacity), Slider","26 locks","Single"
"GS GLB 13SS","GS_GLB_13SS.webp","Group lockout","Group lockout box (by lock capacity), Stainless steel","13 locks","Single"
"GS GLB 17-CS","GS_GLB_17-CS.webp","Group lockout","Group lockout box (by lock capacity), With combined storage","17 locks","Single"
"GS GLK-1","GS_GLK-1.webp","Group lockout","Group lockout key box","4 keys","Single"
"GS GLK-2","GS_GLK-2.webp","Group lockout","Group lockout key box","8 keys","Single"
"GS GLK-3","GS_GLK-3.webp","Group lockout","Group lockout key box","24 keys","Single"
"LOTO-GRP-018","LOTO-GRP-018.webp","Group lockout","Portable metal group lockout box, Red","Large","Single"
"LOTO-GRP-017","LOTO-GRP-017.webp","Group lockout","Portable metal group lockout box, Red","Small","Single"
"LOTO-GRP-014","LOTO-GRP-014.webp","Group lockout","Portable metal group lockout box, Red","Medium, 6 × 8.9 × 7 in.","English labels"
"LOTO-GRP-011","LOTO-GRP-011.webp","Group lockout","Portable metal group lockout box, Red","Small, 6 × 8.9 × 3.5 in.","English labels"
"LOTO-GRP-012","LOTO-GRP-012.webp","Group lockout","Portable metal group lockout box, Red","Small, 6 × 8.9 × 3.5 in.","Spanish labels"
"LOTO-GRP-019","LOTO-GRP-019.webp","Group lockout","Portable metal group lockout box, Yellow","Wall-mounted","Single"
"LOTO-GRP-013","LOTO-GRP-013.webp","Group lockout","Portable metal group lockout box, Yellow","Small, 6 × 8.9 × 3.5 in.","English labels"
"LOTO-GRP-010","LOTO-GRP-010.webp","Group lockout","Portable metal group lockout box, Blue","Small, 6 × 8.9 × 3.5 in.","English labels"
"V-GB13","V-GB13.webp","Group lockout","Portable metal group lockout box, Metal group lockout box","Standard","Single"
"LOTO-GRP-015","LOTO-GRP-015.webp","Group lockout","Lock storage / group lockout box, Red","Large, 12 × 6.75 × 8.25 in.","Single"
"LOTO-GRP-016","LOTO-GRP-016.webp","Group lockout","Lock storage / group lockout box, Red","XL, 12 × 9 × 8.25 in.","Single"
"LOTO-GRP-020","LOTO-GRP-020.webp","Group lockout","Slim group lock box (12 locks), Red","Standard","Single"
"LOTO-GRP-021","LOTO-GRP-021.webp","Group lockout","Slim group lock box (12 locks), Yellow","Standard","Single"
"GS EHASP - 01","GS_EHASP_-_01.webp","Group lockout","Group lockout hasp, De-electric flexible 01","Standard","Single"
"GS EHASP - 02","GS_EHASP_-_02.webp","Group lockout","Group lockout hasp, De-electric flexible 02","Standard","Single"
"GS EHASP - 03","GS_EHASP_-_03.webp","Group lockout","Group lockout hasp, De-electric flexible 03","Standard","Single"
"GS EHASP - 04","GS_EHASP_-_04.webp","Group lockout","Group lockout hasp, De-electric flexible 04","Standard","Single"
"GS D-HASP-S3","GS_D-HASP-S3.webp","Group lockout","Group lockout hasp, Di-electric slider","3 locks","Single"
"GS D-HASP-S6","GS_D-HASP-S6.webp","Group lockout","Group lockout hasp, Di-electric slider","6 locks","Single"
"VH-E25","VH-E25.webp","Group lockout","Group lockout hasp, Electroplated, 25","Standard","Single"
"VH-E39","VH-E39.webp","Group lockout","Group lockout hasp, Electroplated, 39","Standard","Single"
"HM-764101","HM-764101.webp","Group lockout","Group lockout hasp, Industrial hasp, model EA-7818","Standard","Single"
"HM-764102","HM-764102.webp","Group lockout","Group lockout hasp, Industrial hasp, model EAL-3628","Standard","Single"
"HM-63103","HM-63103.webp","Group lockout","Group lockout hasp, Industrial hasp, model EN-6/25","Standard","Single"
"HM-764100","HM-764100.webp","Group lockout","Group lockout hasp, Industrial hasp, model EN-6/38","Standard","Single"
"HM-764103","HM-764103.webp","Group lockout","Group lockout hasp, Industrial hasp, model EV-52","Standard","Single"
"HM-763104","HM-763104.webp","Group lockout","Group lockout hasp, Industrial hasp, model EV-318","Standard","Single"
"VH-N33","VH-N33.webp","Group lockout","Group lockout hasp, Nylon, 3 mm shackle","Standard","Single"
"VH-N36","VH-N36.webp","Group lockout","Group lockout hasp, Nylon, 6 mm shackle","Standard","Single"
"VH-SSH","VH-SSH.webp","Group lockout","Group lockout hasp, Stainless steel","Standard","Single"
"VH-39","VH-39.webp","Group lockout","Group lockout hasp, Vinyl-coated, premier","Standard","Single"
"VH-25","VH-25.webp","Group lockout","Group lockout hasp, Vinyl-coated, small","Standard","Single"
"LOTO-GRP-033","LOTO-GRP-033.webp","Group lockout","Group lockout hasp, Dual jaw","Standard","Single"
"LOTO-GRP-024","LOTO-GRP-024.webp","Group lockout","Group lockout hasp, Heavy-duty stainless","Standard","Pack of 24"
"LOTO-GRP-034","LOTO-GRP-034.webp","Group lockout","Group lockout hasp, Nylon","Standard","Single"
"LOTO-GRP-035","LOTO-GRP-035.webp","Group lockout","Group lockout hasp, Red lockout hasp","Standard","Single"
"LOTO-GRP-036","LOTO-GRP-036.webp","Group lockout","Group lockout hasp, Stop-sign style","Standard","Pack of 5"
"LOTO-GRP-022","LOTO-GRP-022.webp","Group lockout","Group lockout hasp, Style 1","1 in. jaws","Single"
"LOTO-GRP-023","LOTO-GRP-023.webp","Group lockout","Group lockout hasp, Style 1","1.5 in. jaws","Single"
"LOTO-GRP-025","LOTO-GRP-025.webp","Group lockout","Group lockout hasp, Style 2","1 in. jaws","Single"
"LOTO-GRP-026","LOTO-GRP-026.webp","Group lockout","Group lockout hasp, Style 2","1 in. jaws","Pack of 12"
"LOTO-GRP-027","LOTO-GRP-027.webp","Group lockout","Group lockout hasp, Style 2","1.5 in. jaws","Single"
"LOTO-GRP-028","LOTO-GRP-028.webp","Group lockout","Group lockout hasp, Style 2","1.5 in. jaws","Pack of 12"
"LOTO-GRP-029","LOTO-GRP-029.webp","Group lockout","Group lockout hasp, Style 3","1 in. jaws","Single"
"LOTO-GRP-030","LOTO-GRP-030.webp","Group lockout","Group lockout hasp, Style 3","1.5 in. jaws","Single"
"LOTO-GRP-031","LOTO-GRP-031.webp","Group lockout","Group lockout hasp, Style 4","1 in. jaws","Single"
"LOTO-GRP-032","LOTO-GRP-032.webp","Group lockout","Group lockout hasp, Style 4","1.5 in. jaws","Single"
"LOTO-GRP-039","LOTO-GRP-039.webp","Group lockout","Labelled group lockout hasp, Red","Style 1","Pack of 5"
"LOTO-GRP-045","LOTO-GRP-045.webp","Group lockout","Labelled group lockout hasp, Red","Style 2","Pack of 5"
"LOTO-GRP-037","LOTO-GRP-037.webp","Group lockout","Labelled group lockout hasp, Red","Style 3","Pack of 5"
"LOTO-GRP-038","LOTO-GRP-038.webp","Group lockout","Labelled group lockout hasp, Red","Style 4","Pack of 5"
"LOTO-GRP-042","LOTO-GRP-042.webp","Group lockout","Labelled group lockout hasp, Green","Style 1","Pack of 5"
"LOTO-GRP-048","LOTO-GRP-048.webp","Group lockout","Labelled group lockout hasp, Green","Style 2","Pack of 5"
"LOTO-GRP-041","LOTO-GRP-041.webp","Group lockout","Labelled group lockout hasp, Blue","Style 1","Pack of 5"
"LOTO-GRP-047","LOTO-GRP-047.webp","Group lockout","Labelled group lockout hasp, Blue","Style 2","Pack of 5"
"LOTO-GRP-040","LOTO-GRP-040.webp","Group lockout","Labelled group lockout hasp, Silver","Style 1","Pack of 5"
"LOTO-GRP-046","LOTO-GRP-046.webp","Group lockout","Labelled group lockout hasp, Silver","Style 2","Pack of 5"
"LOTO-GRP-043","LOTO-GRP-043.webp","Group lockout","Labelled group lockout hasp, Gold","Style 1","Pack of 5"
"LOTO-GRP-049","LOTO-GRP-049.webp","Group lockout","Labelled group lockout hasp, Gold","Style 2","Pack of 5"
"LOTO-GRP-044","LOTO-GRP-044.webp","Group lockout","Labelled group lockout hasp, 5-colour set","Style 1","Pack of 5"
"LOTO-GRP-050","LOTO-GRP-050.webp","Group lockout","Labelled group lockout hasp, 5-colour set","Style 2","Pack of 5"
"VH-AL10","VH-AL10.webp","Group lockout","Labelled group lockout hasp, Aluminium","Labelling hasp","Single"
"V-ELK","V-ELK.webp","Kits & stations","Lockout tagout kit, Electrical lockout kit","Standard","Single"
"V-P2-R","V-P2-R.webp","Kits & stations","Lockout tagout kit, Personal electrical lockout pouch","Standard","Single"
"V-VLK","V-VLK.webp","Kits & stations","Lockout tagout kit, Valve lockout kit","Standard","Single"
"LOTO-KIT-001","LOTO-KIT-001.webp","Kits & stations","Lockout tagout kit, Electrical & valve kit, duffel bag, nylon padlocks","Standard","Single"
"LOTO-KIT-003","LOTO-KIT-003.webp","Kits & stations","Lockout tagout kit, Forklift battery connector lockout kit","Standard","Single"
"LOTO-KIT-004","LOTO-KIT-004.webp","Kits & stations","Lockout tagout kit, Lockout tagout pouch kit","Standard","Single"
"LOTO-KIT-002","LOTO-KIT-002.webp","Kits & stations","Lockout tagout kit, Padlock & tag kit","Standard","Single"
"LOTO-KIT-006","LOTO-KIT-006.webp","Kits & stations","Lockout station with padlocks, 6-lock board","Keyed alike","Single"
"LOTO-KIT-005","LOTO-KIT-005.webp","Kits & stations","Lockout station with padlocks, 6-lock board","Keyed different","Single"
"LOTO-KIT-010","LOTO-KIT-010.webp","Kits & stations","Lockout station with padlocks, 6-lock cabinet station","Keyed alike","Single"
"LOTO-KIT-009","LOTO-KIT-009.webp","Kits & stations","Lockout station with padlocks, 6-lock cabinet station","Keyed different","Single"
"LOTO-KIT-012","LOTO-KIT-012.webp","Kits & stations","Lockout station with padlocks, 12-lock cabinet station","Keyed alike","Single"
"LOTO-KIT-011","LOTO-KIT-011.webp","Kits & stations","Lockout station with padlocks, 12-lock cabinet station","Keyed different","Single"
"LOTO-KIT-008","LOTO-KIT-008.webp","Kits & stations","Lockout station with padlocks, 24-lock board","Keyed alike","Single"
"LOTO-KIT-007","LOTO-KIT-007.webp","Kits & stations","Lockout station with padlocks, 24-lock board","Keyed different","Single"
"LOTO-KIT-014","LOTO-KIT-014.webp","Kits & stations","Lockout station with padlocks, Electrical lockout cabinet station","Keyed alike","Single"
"LOTO-KIT-013","LOTO-KIT-013.webp","Kits & stations","Lockout station with padlocks, Electrical lockout cabinet station","Keyed different","Single"
"LOTO-KIT-016","LOTO-KIT-016.webp","Kits & stations","Lockout bags & pouches, Duffel bag","Standard","Single"
"LOTO-KIT-025","LOTO-KIT-025.webp","Kits & stations","Lockout bags & pouches, Large pouch with zipper","Standard","Single"
"LOTO-KIT-024","LOTO-KIT-024.webp","Kits & stations","Lockout bags & pouches, Pouch","Black","Single"
"LOTO-KIT-023","LOTO-KIT-023.webp","Kits & stations","Lockout bags & pouches, Pouch","Red","Single"
"LOTO-KIT-015","LOTO-KIT-015.webp","Kits & stations","Lockout bags & pouches, Satchel","Standard","Single"
"LOTO-KIT-026","LOTO-KIT-026.webp","Kits & stations","Lockout bags & pouches, Security bag (lockable)","Standard","Single"
"LOTO-KIT-017","LOTO-KIT-017.webp","Kits & stations","Lockout toolboxes, Lockable toolbox","Standard","Single"
"LOTO-KIT-029","LOTO-KIT-029.webp","Kits & stations","Lockout toolboxes, Toolbox","Medium","Single"
"LOTO-KIT-028","LOTO-KIT-028.webp","Kits & stations","Lockout toolboxes, Toolbox","Small","Single"
"GS H-T-C","GS_H-T-C.webp","Kits & stations","Lockout cabinets, Hasp & tag cabinet","50 hasps + 50 tags","Single"
"V-LSS16","V-LSS16.webp","Kits & stations","Lockout cabinets, Metal lockout cabinet","16 × 14 × 6 in.","Single"
"GS SLC-5K","GS_SLC-5K.webp","Kits & stations","Lockout cabinets, Safety lockout cabinet with 5 keys","Standard","Single"
"GS SLC-5L","GS_SLC-5L.webp","Kits & stations","Lockout cabinets, Safety lockout cabinet with 5 locks","Standard","Single"
"LOTO-KIT-027","LOTO-KIT-027.webp","Kits & stations","Lockout cabinets, Extra shelf for metal cabinet","Standard","Single"
"LOTO-KIT-022","LOTO-KIT-022.webp","Kits & stations","Lockout cabinets, Heavy-duty lockout cabinet","Standard","Single"
"LOTO-KIT-020","LOTO-KIT-020.webp","Kits & stations","Lockout cabinets, Lockout cabinet (3 shelves)","Standard","Single"
"LOTO-KIT-031","LOTO-KIT-031.webp","Kits & stations","Lockout cabinets, Wall-mounted key cabinet","30 keys","Single"
"LOTO-KIT-030","LOTO-KIT-030.webp","Kits & stations","Lockout cabinets, Wall-mounted key cabinet","240 keys","Single"
"GS PS-6","GS_PS-6.webp","Kits & stations","Padlock station / board, Mini padlock station","6 locks","Single"
"GS PS-12","GS_PS-12.webp","Kits & stations","Padlock station / board, Mini padlock station","12 locks","Single"
"GS PS-18","GS_PS-18.webp","Kits & stations","Padlock station / board, Mini padlock station","18 locks","Single"
"GS LS-6210","GS_LS-6210.webp","Kits & stations","Padlock station / board, Wall padlock station","6 locks","Model LS-6210"
"GS LS-6220","GS_LS-6220.webp","Kits & stations","Padlock station / board, Wall padlock station","6 locks","Model LS-6220"
"GS LS-12210","GS_LS-12210.webp","Kits & stations","Padlock station / board, Wall padlock station","12 locks","Single"
"GS LS-24120","GS_LS-24120.webp","Kits & stations","Padlock station / board, Wall padlock station","24 locks","Model LS-24120"
"GS LS-24850","GS_LS-24850.webp","Kits & stations","Padlock station / board, Wall padlock station","24 locks","Model LS-24850"
"GS LS-36230","GS_LS-36230.webp","Kits & stations","Padlock station / board, Wall padlock station","36 locks","Single"
"LOTO-KIT-032","LOTO-KIT-032.webp","Kits & stations","Padlock station / board, Acrylic padlock board","24 locks","Single"
"LOTO-KIT-034","LOTO-KIT-034.webp","Kits & stations","Padlock station / board, Acrylic padlock board","36 locks","Single"
"LOTO-KIT-033","LOTO-KIT-033.webp","Kits & stations","Padlock station / board, Acrylic padlock board, Spanish","24 locks","Single"
"LOTO-KIT-018","LOTO-KIT-018.webp","Kits & stations","Padlock station / board, Ready-access polypropylene station","17 × 13.25 × 2.5 in.","Single"
"LOTO-KIT-048","LOTO-KIT-048.webp","Kits & stations","Padlock station / board, Steel padlock station","Small, 4 locks","Single"
"LOTO-KIT-049","LOTO-KIT-049.webp","Kits & stations","Padlock station / board, Steel padlock station","Large, 24 locks","Single"
"HM-765100","HM-765100.webp","Kits & stations","Lockout tagout station, Lockout station, model LS-4","4 locks","Single"
"HM-765101","HM-765101.webp","Kits & stations","Lockout tagout station, Lockout station, model LS-10","10 locks","Single"
"GS-LTS 6","GS-LTS_6.webp","Kits & stations","Lockout tagout station, Lockout tagout station","6 locks","Single"
"GS-LTS 9","GS-LTS_9.webp","Kits & stations","Lockout tagout station, Lockout tagout station","9 locks","Single"
"GS-LTS 10","GS-LTS_10.webp","Kits & stations","Lockout tagout station, Lockout tagout station","10 locks","Single"
"GS-LTS 6+GLB","GS-LTS_6_GLB.webp","Kits & stations","Lockout tagout station, Lockout tagout station with group lock box","6 locks","Single"
"GS-LTS 6C","GS-LTS_6C.webp","Kits & stations","Lockout tagout station, Lockout tagout station, clear fascia","6 locks","Single"
"GS-LTS-9C","GS-LTS-9C.webp","Kits & stations","Lockout tagout station, Lockout tagout station, clear fascia","9 locks","Single"
"GS-LTS 10C","GS-LTS_10C.webp","Kits & stations","Lockout tagout station, Lockout tagout station, clear fascia","10 locks","Single"
"HM-4400-L","HM-4400-L.webp","Kits & stations","Lockout tagout station, Lockout tagout wall case","Model 4400-L","Single"
"V-LSP-B","V-LSP-B.webp","Kits & stations","Lockout tagout station, PVC lockout station","Standard","Single"
"PVC-V-LS10","PVC-V-LS10.webp","Kits & stations","Lockout tagout station, PVC lockout station with hinged cover","5–10 locks","Single"
"PVC-V-LS20","PVC-V-LS20.webp","Kits & stations","Lockout tagout station, PVC lockout station with hinged cover","10–20 locks","Single"
"LOTO-KIT-056","LOTO-KIT-056.webp","Kits & stations","Lockout tagout station, Bilingual safety station","Standard","Single"
"LOTO-KIT-021","LOTO-KIT-021.webp","Kits & stations","Lockout tagout station, Lockout station with clear door (12 locks)","16 × 14 × 3.5 in.","Single"
"LOTO-KIT-044","LOTO-KIT-044.webp","Kits & stations","Lockout tagout station, Mini electrical lockout station","Standard","Single"
"LOTO-KIT-019","LOTO-KIT-019.webp","Kits & stations","Lockout tagout station, Ready-access polypropylene station","17 × 17 × 6.75 in.","Single"
"LOTO-KIT-036","LOTO-KIT-036.webp","Kits & stations","Lockout tagout station, Wall lockout station","Large","Single"
"LOTO-KIT-035","LOTO-KIT-035.webp","Kits & stations","Lockout tagout station, Wall lockout station","Small","Single"
"LOTO-KIT-037","LOTO-KIT-037.webp","Kits & stations","Lockout tagout station, Wall lockout station","X-Large","Single"
"LOTO-KIT-038","LOTO-KIT-038.webp","Kits & stations","Lockout tagout station, Wall lockout station with doors","Large","Single"
"LOTO-KIT-040","LOTO-KIT-040.webp","Kits & stations","Lockout tagout station, Wall lockout station with doors","X-Large","Single"
"LOTO-KIT-039","LOTO-KIT-039.webp","Kits & stations","Lockout tagout station, Wall lockout station with doors, Spanish","Large","Single"
"LOTO-KIT-041","LOTO-KIT-041.webp","Kits & stations","Tag holders, 1-pocket tag holder","Standard","Single"
"LOTO-KIT-042","LOTO-KIT-042.webp","Kits & stations","Tag holders, 1-pocket tag holder with pen hooks","Standard","Single"
"LOTO-KIT-043","LOTO-KIT-043.webp","Kits & stations","Tag holders, 8-pocket information centre","Standard","Single"
"LOTO-KIT-055","LOTO-KIT-055.webp","Kits & stations","Padlock & tag carrier, Carrier with 12 padlocks and 2 hasps","Keyed alike","Single"
"LOTO-KIT-054","LOTO-KIT-054.webp","Kits & stations","Padlock & tag carrier, Carrier with 12 padlocks and 2 hasps","Keyed different","Single"
"LOTO-KIT-052","LOTO-KIT-052.webp","Kits & stations","Padlock & tag carrier, Padlock & tag carrier","Blue","Single"
"LOTO-KIT-053","LOTO-KIT-053.webp","Kits & stations","Padlock & tag carrier, Padlock & tag carrier","Green","Single"
"LOTO-KIT-050","LOTO-KIT-050.webp","Kits & stations","Padlock & tag carrier, Padlock & tag carrier","Red","Single"
"LOTO-KIT-051","LOTO-KIT-051.webp","Kits & stations","Padlock & tag carrier, Padlock & tag carrier","Yellow","Single"
"LOTO-KIT-045","LOTO-KIT-045.webp","Kits & stations","Padlock control centre, Enclosed padlock storage module","40 locks","Single"
"LOTO-KIT-046","LOTO-KIT-046.webp","Kits & stations","Padlock control centre, Steel padlock control centre","Small, 16 locks","Single"
"LOTO-KIT-047","LOTO-KIT-047.webp","Kits & stations","Padlock control centre, Steel padlock control centre","Large, 32 locks","Single"
"GS EMCL-M55","GS_EMCL-M55.webp","Cable lockouts","Cable lockout, Economy","Standard","Single"
"GS MCL-M55","GS_MCL-M55.webp","Cable lockouts","Cable lockout, Metallic","Standard","Single"
"GS MCL-M55-2M","GS_MCL-M55-2M.webp","Cable lockouts","Cable lockout, Metallic","2 m insulated steel cable","Single"
"GS MCL-01","GS_MCL-01.webp","Cable lockouts","Cable lockout, Model 01","Standard","Single"
"GS MCL-01-2M","GS_MCL-01-2M.webp","Cable lockouts","Cable lockout, Model 01","2 m insulated steel cable","Single"
"GS MCL-01P-2M","GS_MCL-01P-2M.webp","Cable lockouts","Cable lockout, Model 01 Prime","2 m insulated steel cable","Single"
"GS MCL-01H","GS_MCL-01H.webp","Cable lockouts","Cable lockout, Model 01 with handle","Standard","Single"
"GS MCL-01H-2M","GS_MCL-01H-2M.webp","Cable lockouts","Cable lockout, Model 01 with handle","2 m insulated steel cable","Single"
"GS MCL-02D","GS_MCL-02D.webp","Cable lockouts","Cable lockout, Model 02, dielectric","Standard","Single"
"GS MCL-02M","GS_MCL-02M.webp","Cable lockouts","Cable lockout, Model 02, metallic cable","Standard","Single"
"GS MCL-03","GS_MCL-03.webp","Cable lockouts","Cable lockout, Model 03","Standard","Single"
"GS MCL-04-2M","GS_MCL-04-2M.webp","Cable lockouts","Cable lockout, Model 04","2 m insulated steel cable","Single"
"GS MCL-05-2M","GS_MCL-05-2M.webp","Cable lockouts","Cable lockout, Model 05","2 m insulated steel cable","Single"
"V-CL6","V-CL6.webp","Cable lockouts","Cable lockout, Multipurpose, 6 ft","Standard","Single"
"V-UML","V-UML.webp","Cable lockouts","Cable lockout, Universal multi cable","Standard","Single"
"LOTO-CAB-010","LOTO-CAB-010.webp","Cable lockouts","All-purpose cable lockout, Red","No cable","Single"
"LOTO-CAB-008","LOTO-CAB-008.webp","Cable lockouts","All-purpose cable lockout, Red","8 ft nylon cable","Single"
"LOTO-CAB-009","LOTO-CAB-009.webp","Cable lockouts","All-purpose cable lockout, Red","8 ft steel cable","Single"
"LOTO-CAB-012","LOTO-CAB-012.webp","Cable lockouts","All-purpose cable lockout, Green","No cable","Single"
"LOTO-CAB-011","LOTO-CAB-011.webp","Cable lockouts","All-purpose cable lockout, Green","8 ft steel cable","Single"
"LOTO-CAB-002","LOTO-CAB-002.webp","Cable lockouts","Mini cable lockout (self-winding)","8 ft nylon cable","Single"
"LOTO-CAB-001","LOTO-CAB-001.webp","Cable lockouts","Mini cable lockout (self-winding)","8 ft steel cable","Single"
"LOTO-CAB-003","LOTO-CAB-003.webp","Cable lockouts","Economy cable lockout, Red","6 ft cable","Single"
"LOTO-CAB-005","LOTO-CAB-005.webp","Cable lockouts","Economy cable lockout, Yellow","6 ft cable","Single"
"LOTO-CAB-004","LOTO-CAB-004.webp","Cable lockouts","Economy cable lockout, Blue","6 ft cable","Single"
"LOTO-CAB-017","LOTO-CAB-017.webp","Cable lockouts","Economy cable lockout","6 ft cable","Single"
"LOTO-CAB-018","LOTO-CAB-018.webp","Cable lockouts","Economy cable lockout","10 ft cable","Single"
"LOTO-CAB-030","LOTO-CAB-030.webp","Cable lockouts","Spin cable lockout system, Red","Double hex, no cable","Single"
"LOTO-CAB-024","LOTO-CAB-024.webp","Cable lockouts","Spin cable lockout system, Red","Extra-secure, no cable","Single"
"LOTO-CAB-027","LOTO-CAB-027.webp","Cable lockouts","Spin cable lockout system, Red","Double hex, with 59 in. cable","Single"
"LOTO-CAB-021","LOTO-CAB-021.webp","Cable lockouts","Spin cable lockout system, Red","Extra-secure, with 59 in. cable","Single"
"LOTO-CAB-031","LOTO-CAB-031.webp","Cable lockouts","Spin cable lockout system, Yellow","Double hex, no cable","Single"
"LOTO-CAB-025","LOTO-CAB-025.webp","Cable lockouts","Spin cable lockout system, Yellow","Extra-secure, no cable","Single"
"LOTO-CAB-028","LOTO-CAB-028.webp","Cable lockouts","Spin cable lockout system, Yellow","Double hex, with 59 in. cable","Single"
"LOTO-CAB-022","LOTO-CAB-022.webp","Cable lockouts","Spin cable lockout system, Yellow","Extra-secure, with 59 in. cable","Single"
"LOTO-CAB-026","LOTO-CAB-026.webp","Cable lockouts","Spin cable lockout system, Green","Extra-secure, no cable","Single"
"LOTO-CAB-029","LOTO-CAB-029.webp","Cable lockouts","Spin cable lockout system, Green","Double hex, with 59 in. cable","Single"
"LOTO-CAB-023","LOTO-CAB-023.webp","Cable lockouts","Spin cable lockout system, Green","Extra-secure, with 59 in. cable","Single"
"LOTO-CAB-013","LOTO-CAB-013.webp","Cable lockouts","Lockout cables & spools, Nylon cable","Spool","Single"
"LOTO-CAB-014","LOTO-CAB-014.webp","Cable lockouts","Lockout cables & spools, Nylon cable","8 ft","Single"
"LOTO-CAB-019","LOTO-CAB-019.webp","Cable lockouts","Lockout cables & spools, Plastic-coated cable only","6 ft","Single"
"LOTO-CAB-020","LOTO-CAB-020.webp","Cable lockouts","Lockout cables & spools, Plastic-coated cable only","10 ft","Single"
"LOTO-CAB-015","LOTO-CAB-015.webp","Cable lockouts","Lockout cables & spools, Steel cable","Spool","Single"
"LOTO-CAB-016","LOTO-CAB-016.webp","Cable lockouts","Lockout cables & spools, Steel cable","8 ft","Single"
"LOTO-CAB-006","LOTO-CAB-006.webp","Cable lockouts","Lockout cables & spools, Steel cable only","8 ft","Single"
"LOTO-CAB-007","LOTO-CAB-007.webp","Cable lockouts","Lockout cables & spools, Steel cable only","10 ft","Single"
"LOTO-VLV-046","LOTO-VLV-046.webp","Valve lockouts","Gate valve lockout, Yellow","1–2.5 in.","Single"
"LOTO-VLV-050","LOTO-VLV-050.webp","Valve lockouts","Gate valve lockout, Yellow","2.5–5 in.","Single"
"LOTO-VLV-054","LOTO-VLV-054.webp","Valve lockouts","Gate valve lockout, Yellow","5–6.5 in.","Single"
"LOTO-VLV-058","LOTO-VLV-058.webp","Valve lockouts","Gate valve lockout, Yellow","6.5–10 in.","Single"
"LOTO-VLV-062","LOTO-VLV-062.webp","Valve lockouts","Gate valve lockout, Yellow","10–13 in.","Single"
"LOTO-VLV-047","LOTO-VLV-047.webp","Valve lockouts","Gate valve lockout, Green","1–2.5 in.","Single"
"LOTO-VLV-051","LOTO-VLV-051.webp","Valve lockouts","Gate valve lockout, Green","2.5–5 in.","Single"
"LOTO-VLV-055","LOTO-VLV-055.webp","Valve lockouts","Gate valve lockout, Green","5–6.5 in.","Single"
"LOTO-VLV-059","LOTO-VLV-059.webp","Valve lockouts","Gate valve lockout, Green","6.5–10 in.","Single"
"LOTO-VLV-063","LOTO-VLV-063.webp","Valve lockouts","Gate valve lockout, Green","10–13 in.","Single"
"LOTO-VLV-048","LOTO-VLV-048.webp","Valve lockouts","Gate valve lockout, Blue","1–2.5 in.","Single"
"LOTO-VLV-052","LOTO-VLV-052.webp","Valve lockouts","Gate valve lockout, Blue","2.5–5 in.","Single"
"LOTO-VLV-056","LOTO-VLV-056.webp","Valve lockouts","Gate valve lockout, Blue","5–6.5 in.","Single"
"LOTO-VLV-060","LOTO-VLV-060.webp","Valve lockouts","Gate valve lockout, Blue","6.5–10 in.","Single"
"LOTO-VLV-064","LOTO-VLV-064.webp","Valve lockouts","Gate valve lockout, Blue","10–13 in.","Single"
"LOTO-VLV-049","LOTO-VLV-049.webp","Valve lockouts","Gate valve lockout, Transparent","1–2.5 in.","Single"
"LOTO-VLV-053","LOTO-VLV-053.webp","Valve lockouts","Gate valve lockout, Transparent","2.5–5 in.","Single"
"LOTO-VLV-057","LOTO-VLV-057.webp","Valve lockouts","Gate valve lockout, Transparent","5–6.5 in.","Single"
"LOTO-VLV-061","LOTO-VLV-061.webp","Valve lockouts","Gate valve lockout, Transparent","6.5–10 in.","Single"
"LOTO-VLV-065","LOTO-VLV-065.webp","Valve lockouts","Gate valve lockout, Transparent","10–13 in.","Single"
"V-02-GVL","V-02-GVL.webp","Valve lockouts","Gate valve lockout","1–2.5 in.","Single"
"GS GVL-04","GS_GVL-04.webp","Valve lockouts","Gate valve lockout","2.5–5 in.","Single"
"GS GVL-06","GS_GVL-06.webp","Valve lockouts","Gate valve lockout","5–6.5 in.","Single"
"GS GVL-08","GS_GVL-08.webp","Valve lockouts","Gate valve lockout","6.5–10 in.","Single"
"GS GVL-10","GS_GVL-10.webp","Valve lockouts","Gate valve lockout","10–13 in.","Single"
"V-AGV","V-AGV.webp","Valve lockouts","Adjustable gate valve lockout","1–6.5 in.","Single"
"LOTO-VLV-001","LOTO-VLV-001.webp","Valve lockouts","Collapsible gate valve lockout","3–7 in.","Single"
"LOTO-VLV-002","LOTO-VLV-002.webp","Valve lockouts","Collapsible gate valve lockout","7–13 in.","Single"
"LOTO-VLV-003","LOTO-VLV-003.webp","Valve lockouts","Collapsible gate valve lockout","13–18 in.","Single"
"LOTO-VLV-004","LOTO-VLV-004.webp","Valve lockouts","T-handle ball valve lockout","0.5–1 in.","Single"
"LOTO-VLV-005","LOTO-VLV-005.webp","Valve lockouts","T-handle ball valve lockout","1.25–2 in.","Single"
"LOTO-VLV-006","LOTO-VLV-006.webp","Valve lockouts","Ball valve lockout (one-piece), Nylon","0.25–1 in.","Shackle up to 0.28 in."
"LOTO-VLV-007","LOTO-VLV-007.webp","Valve lockouts","Ball valve lockout (one-piece), Steel","0.25–1 in.","Shackle up to 0.375 in."
"LOTO-VLV-008","LOTO-VLV-008.webp","Valve lockouts","Ball valve lockout (one-piece), Steel","1.25–3 in.","Shackle up to 0.28 in."
"LOTO-VLV-009","LOTO-VLV-009.webp","Valve lockouts","Ball valve lockout (one-piece), Steel","1.25–3 in.","Shackle up to 0.375 in."
"GS BVL-L","GS_BVL-L.webp","Valve lockouts","Ball valve lockout","Large","Single"
"GS BVL-01","GS_BVL-01.webp","Valve lockouts","Ball valve lockout","Small","Single"
"GS BVL-01S","GS_BVL-01S.webp","Valve lockouts","Ball valve lockout","Small 01","Single"
"V-BV 02","V-BV_02.webp","Valve lockouts","Ball valve lockout","Medium, 1.5–2.5 in.","Single"
"LOTO-VLV-028","LOTO-VLV-028.webp","Valve lockouts","Ball valve lockout, 4-legged, Red","Small, 0.5–2.5 in.","Single"
"LOTO-VLV-032","LOTO-VLV-032.webp","Valve lockouts","Ball valve lockout, 4-legged, Red","Large, 2–8 in.","Single"
"LOTO-VLV-029","LOTO-VLV-029.webp","Valve lockouts","Ball valve lockout, 4-legged, Yellow","Small, 0.5–2.5 in.","Single"
"LOTO-VLV-033","LOTO-VLV-033.webp","Valve lockouts","Ball valve lockout, 4-legged, Yellow","Large, 2–8 in.","Single"
"LOTO-VLV-031","LOTO-VLV-031.webp","Valve lockouts","Ball valve lockout, 4-legged, Green","Small, 0.5–2.5 in.","Single"
"LOTO-VLV-035","LOTO-VLV-035.webp","Valve lockouts","Ball valve lockout, 4-legged, Green","Large, 2–8 in.","Single"
"LOTO-VLV-030","LOTO-VLV-030.webp","Valve lockouts","Ball valve lockout, 4-legged, Blue","Small, 0.5–2.5 in.","Single"
"LOTO-VLV-034","LOTO-VLV-034.webp","Valve lockouts","Ball valve lockout, 4-legged, Blue","Large, 2–8 in.","Single"
"LOTO-VLV-024","LOTO-VLV-024.webp","Valve lockouts","Permanent-mount ball valve lockout","Small, 0.5–2 in.","Single"
"LOTO-VLV-025","LOTO-VLV-025.webp","Valve lockouts","Permanent-mount ball valve lockout","Large, 2–4 in.","Single"
"GS VL-ARM-L","GS_VL-ARM-L.webp","Valve lockouts","Arm for settable ball valve lockout","Large","Single"
"GS VL-ARM-S","GS_VL-ARM-S.webp","Valve lockouts","Arm for settable ball valve lockout","Small","Single"
"LOTO-VLV-026","LOTO-VLV-026.webp","Valve lockouts","No-handle valve lockout with cable, Red","0.375–24 in.","Single"
"LOTO-VLV-027","LOTO-VLV-027.webp","Valve lockouts","No-handle valve lockout with cable, Transparent","0.375–24 in.","Single"
"V-UVL","V-UVL.webp","Valve lockouts","Universal valve lockout, Handyman universal","Standard","Single"
"LOTO-VLV-013","LOTO-VLV-013.webp","Valve lockouts","Universal valve lockout, Large device","8 ft nylon cable","Single"
"LOTO-VLV-012","LOTO-VLV-012.webp","Valve lockouts","Universal valve lockout, Large device","8 ft sheathed steel cable","Single"
"LOTO-VLV-011","LOTO-VLV-011.webp","Valve lockouts","Universal valve lockout, Small device","8 ft nylon cable","Single"
"LOTO-VLV-010","LOTO-VLV-010.webp","Valve lockouts","Universal valve lockout, Small device","8 ft sheathed steel cable","Single"
"LOTO-VLV-015","LOTO-VLV-015.webp","Valve lockouts","Universal valve lockout parts, Base clamping unit","Large","Single"
"LOTO-VLV-014","LOTO-VLV-014.webp","Valve lockouts","Universal valve lockout parts, Base clamping unit","Small","Single"
"LOTO-VLV-017","LOTO-VLV-017.webp","Valve lockouts","Universal valve lockout parts, Blocking arm","Large","Single"
"LOTO-VLV-016","LOTO-VLV-016.webp","Valve lockouts","Universal valve lockout parts, Blocking arm","Small","Single"
"LOTO-VLV-019","LOTO-VLV-019.webp","Valve lockouts","Universal valve lockout parts, Cable attachment","8 ft nylon cable","Single"
"LOTO-VLV-018","LOTO-VLV-018.webp","Valve lockouts","Universal valve lockout parts, Cable attachment","8 ft sheathed steel cable","Single"
"LOTO-VLV-020","LOTO-VLV-020.webp","Valve lockouts","Universal valve lockout parts, Sheathed steel cable","8 ft","Single"
"LOTO-VLV-021","LOTO-VLV-021.webp","Valve lockouts","Universal valve lockout parts, Sheathed steel cable","12 ft","Single"
"LOTO-VLV-022","LOTO-VLV-022.webp","Valve lockouts","Universal valve lockout parts, Sheathed steel cable","16 ft","Single"
"LOTO-VLV-023","LOTO-VLV-023.webp","Valve lockouts","Universal valve lockout parts, Sheathed steel cable","20 ft","Single"
"LOTO-VLV-036","LOTO-VLV-036.webp","Valve lockouts","Pipe blind flange lockout","Small, pipes 0.5–3 in.","Single"
"LOTO-VLV-037","LOTO-VLV-037.webp","Valve lockouts","Pipe blind flange lockout","Medium, pipes 3–14 in.","Single"
"LOTO-VLV-038","LOTO-VLV-038.webp","Valve lockouts","Pipe blind flange lockout","Large, pipes 14–48 in.","Single"
"LOTO-VLV-039","LOTO-VLV-039.webp","Valve lockouts","Plug valve lockout","Stem up to 0.875 in.","Single"
"LOTO-VLV-040","LOTO-VLV-040.webp","Valve lockouts","Plug valve lockout","Stem 0.94–1.375 in.","Single"
"LOTO-VLV-041","LOTO-VLV-041.webp","Valve lockouts","Plug valve lockout","Stem 1.75–2.125 in.","Single"
"LOTO-VLV-042","LOTO-VLV-042.webp","Valve lockouts","Plug valve lockout","Stem 2.188–2.5 in.","Single"
"GS BFVL","GS_BFVL.webp","Valve lockouts","Butterfly valve lockout","Standard","Single"
"GS BFVL-U","GS_BFVL-U.webp","Valve lockouts","Butterfly valve lockout, Universal","Standard","Single"
"LOTO-VLV-044","LOTO-VLV-044.webp","Valve lockouts","Butterfly valve lockout, Lever handle","Large","Single"
"LOTO-VLV-043","LOTO-VLV-043.webp","Valve lockouts","Butterfly valve lockout, Lever handle","Small","Single"
"LOTO-VLV-045","LOTO-VLV-045.webp","Valve lockouts","Butterfly valve lockout, Pull handle","Standard","Single"
"GS GVLC","GS_GVLC.webp","Valve lockouts","Gate valve cylinder lockout","Standard","Single"
"CBL-01-2M+BFVL-U","CBL-01-2M_BFVL-U.webp","Valve lockouts","Cable + butterfly valve lockout set, Cable 01 (2 m) + universal butterfly lockout","Standard","Single"
"LOTO-ELE-001","LOTO-ELE-001.webp","Electrical lockouts","Panel cable lockout","Standard","Single"
"LOTO-ELE-028","LOTO-ELE-028.webp","Electrical lockouts","Clamp-on circuit breaker lockout, 120/277 V","Standard","Single"
"LOTO-ELE-029","LOTO-ELE-029.webp","Electrical lockouts","Clamp-on circuit breaker lockout, 120/277 V","Standard","Pack of 6"
"LOTO-ELE-048","LOTO-ELE-048.webp","Electrical lockouts","Clamp-on circuit breaker lockout, 120/277 V","Standard","Pack of 50"
"LOTO-ELE-004","LOTO-ELE-004.webp","Electrical lockouts","Clamp-on circuit breaker lockout, 120/277 V, slide cover","Standard","Single"
"LOTO-ELE-005","LOTO-ELE-005.webp","Electrical lockouts","Clamp-on circuit breaker lockout, 120/277 V, slide cover","Standard","Pack of 6"
"LOTO-ELE-030","LOTO-ELE-030.webp","Electrical lockouts","Clamp-on circuit breaker lockout, 480/600 V","Standard","Single"
"LOTO-ELE-031","LOTO-ELE-031.webp","Electrical lockouts","Clamp-on circuit breaker lockout, 480/600 V","Standard","Pack of 6"
"LOTO-ELE-051","LOTO-ELE-051.webp","Electrical lockouts","Clamp-on circuit breaker lockout, 480/600 V","Standard","Pack of 25"
"LOTO-ELE-006","LOTO-ELE-006.webp","Electrical lockouts","Clamp-on circuit breaker lockout, 480/600 V, slide cover","Standard","Single"
"LOTO-ELE-007","LOTO-ELE-007.webp","Electrical lockouts","Clamp-on circuit breaker lockout, 480/600 V, slide cover","Standard","Pack of 6"
"V-LB12","V-LB12.webp","Electrical lockouts","Oversized breaker lockout (480–600 V), Large (V-LB12)","Standard","Single"
"LOTO-ELE-002","LOTO-ELE-002.webp","Electrical lockouts","Oversized breaker lockout (480–600 V)","Standard","Single"
"LOTO-ELE-003","LOTO-ELE-003.webp","Electrical lockouts","Oversized breaker lockout (480–600 V)","Standard","Pack of 6"
"LOTO-ELE-049","LOTO-ELE-049.webp","Electrical lockouts","Oversized breaker lockout (480–600 V)","Standard","Pack of 25"
"LOTO-ELE-010","LOTO-ELE-010.webp","Electrical lockouts","120 V snap-on breaker lockout","Standard","Single"
"LOTO-ELE-011","LOTO-ELE-011.webp","Electrical lockouts","120 V snap-on breaker lockout","Standard","Pack of 6"
"LOTO-ELE-050","LOTO-ELE-050.webp","Electrical lockouts","120 V snap-on breaker lockout","Standard","Pack of 50"
"LOTO-ELE-012","LOTO-ELE-012.webp","Electrical lockouts","Multi-pole breaker lockout","Standard","Single"
"LOTO-ELE-013","LOTO-ELE-013.webp","Electrical lockouts","Multi-pole breaker lockout","Standard","Pack of 6"
"LOTO-ELE-053","LOTO-ELE-053.webp","Electrical lockouts","Multi-pole breaker lockout","Standard","Pack of 50"
"LOTO-ELE-032","LOTO-ELE-032.webp","Electrical lockouts","Breaker lockout for holed-tongue switches","Standard","Single"
"LOTO-ELE-033","LOTO-ELE-033.webp","Electrical lockouts","Breaker lockout for holed-tongue switches","Standard","Pack of 6"
"LOTO-ELE-052","LOTO-ELE-052.webp","Electrical lockouts","Breaker lockout for holed-tongue switches","Standard","Pack of 50"
"LOTO-ELE-008","LOTO-ELE-008.webp","Electrical lockouts","Extra cleats for breaker lockouts, 120/277 V","Standard","Pack of 6"
"LOTO-ELE-009","LOTO-ELE-009.webp","Electrical lockouts","Extra cleats for breaker lockouts, 480/600 V","Standard","Pack of 6"
"LOTO-ELE-034","LOTO-ELE-034.webp","Electrical lockouts","Low-profile breaker lockout","Standard","Single"
"LOTO-ELE-035","LOTO-ELE-035.webp","Electrical lockouts","Low-profile breaker lockout","Standard","Pack of 6"
"LOTO-ELE-019","LOTO-ELE-019.webp","Electrical lockouts","Panel lock rail system, 4 in. lock rail (7 loops)","Standard","Single"
"LOTO-ELE-020","LOTO-ELE-020.webp","Electrical lockouts","Panel lock rail system, 4 in. lock rail (7 loops)","Standard","Pack of 6"
"LOTO-ELE-021","LOTO-ELE-021.webp","Electrical lockouts","Panel lock rail system, 8 in. lock rail (15 loops)","Standard","Single"
"LOTO-ELE-022","LOTO-ELE-022.webp","Electrical lockouts","Panel lock rail system, 8 in. lock rail (15 loops)","Standard","Pack of 6"
"LOTO-ELE-023","LOTO-ELE-023.webp","Electrical lockouts","Panel lock rail system, Spacing gasket (15 ft)","Standard","Single"
"LOTO-ELE-024","LOTO-ELE-024.webp","Electrical lockouts","Panel-mount clamp-on breaker lockout","Standard","Single"
"LOTO-ELE-025","LOTO-ELE-025.webp","Electrical lockouts","Panel-mount clamp-on breaker lockout","Standard","Pack of 6"
"LOTO-ELE-026","LOTO-ELE-026.webp","Electrical lockouts","Panel-mount snap-on breaker lockout","Standard","Single"
"LOTO-ELE-027","LOTO-ELE-027.webp","Electrical lockouts","Panel-mount snap-on breaker lockout","Standard","Pack of 6"
"LOTO-ELE-018","LOTO-ELE-018.webp","Electrical lockouts","Breaker blocking system (480–600 V), Blocking bar holder","Standard","Pack of 5"
"LOTO-ELE-016","LOTO-ELE-016.webp","Electrical lockouts","Breaker blocking system (480–600 V), Green blocking bar, 7.6 in.","Standard","Pack of 5"
"LOTO-ELE-015","LOTO-ELE-015.webp","Electrical lockouts","Breaker blocking system (480–600 V), Red blocking bar, 7.6 in.","Standard","Pack of 5"
"LOTO-ELE-014","LOTO-ELE-014.webp","Electrical lockouts","Breaker blocking system (480–600 V), Starter kit","Standard","Single"
"LOTO-ELE-017","LOTO-ELE-017.webp","Electrical lockouts","Breaker blocking system (480–600 V), Yellow mounting rails, 4 in.","Standard","Pack of 2"
"GS CBL-EU-R","GS_CBL-EU-R.webp","Electrical lockouts","Miniature circuit breaker lockout, Europa, red","Standard","Single"
"GS CBL-EU-Y","GS_CBL-EU-Y.webp","Electrical lockouts","Miniature circuit breaker lockout, Europa, yellow","Standard","Single"
"GS CBL-ABB","GS_CBL-ABB.webp","Electrical lockouts","Miniature circuit breaker lockout, For ABB MCB","Standard","Single"
"PIN IN CBL","PIN_IN_CBL.webp","Electrical lockouts","Miniature circuit breaker lockout, Pin-in standard","Standard","Pack of 3"
"PIN OUT CBL","PIN_OUT_CBL.webp","Electrical lockouts","Miniature circuit breaker lockout, Pin-out standard","Standard","Pack of 3"
"CS-CBF","CS-CBF.webp","Electrical lockouts","Miniature circuit breaker lockout, Single size","Standard","Single"
"LOTO-ELE-037","LOTO-ELE-037.webp","Electrical lockouts","Miniature circuit breaker lockout, For ABB MS325","Standard","Single"
"LOTO-ELE-038","LOTO-ELE-038.webp","Electrical lockouts","Miniature circuit breaker lockout, For ABB MS325","Standard","Pack of 6"
"LOTO-ELE-041","LOTO-ELE-041.webp","Electrical lockouts","Miniature circuit breaker lockout, Pin-in standard","Standard","Single"
"LOTO-ELE-042","LOTO-ELE-042.webp","Electrical lockouts","Miniature circuit breaker lockout, Pin-in standard","Standard","Pack of 6"
"LOTO-ELE-039","LOTO-ELE-039.webp","Electrical lockouts","Miniature circuit breaker lockout, Pin-out standard","Standard","Single"
"LOTO-ELE-040","LOTO-ELE-040.webp","Electrical lockouts","Miniature circuit breaker lockout, Pin-out standard","Standard","Pack of 6"
"LOTO-ELE-043","LOTO-ELE-043.webp","Electrical lockouts","Miniature circuit breaker lockout, Pin-out wide","Standard","Single"
"LOTO-ELE-044","LOTO-ELE-044.webp","Electrical lockouts","Miniature circuit breaker lockout, Pin-out wide","Standard","Pack of 6"
"LOTO-ELE-045","LOTO-ELE-045.webp","Electrical lockouts","Miniature circuit breaker lockout, Rotary switch","Standard","Single"
"LOTO-ELE-046","LOTO-ELE-046.webp","Electrical lockouts","Miniature circuit breaker lockout, Tie-bar","Standard","Single"
"LOTO-ELE-047","LOTO-ELE-047.webp","Electrical lockouts","Miniature circuit breaker lockout, Tie-bar","Standard","Pack of 6"
"LOTO-ELE-036","LOTO-ELE-036.webp","Electrical lockouts","Miniature circuit breaker lockout, Universal fit","Standard","Pack of 6"
"GS CBLU-BIG","GS_CBLU-BIG.webp","Electrical lockouts","Circuit breaker lockout (Handyman range), Big","Standard","Single"
"GS CBL-MFU","GS_CBL-MFU.webp","Electrical lockouts","Circuit breaker lockout (Handyman range), Multi-functional universal","Standard","Single"
"GS CBL-MP-01","GS_CBL-MP-01.webp","Electrical lockouts","Circuit breaker lockout (Handyman range), Multi-pole 01","Standard","Single"
"GS CBL-SP-01","GS_CBL-SP-01.webp","Electrical lockouts","Circuit breaker lockout (Handyman range), Single pole 01","Standard","Single"
"GS CBL-SP-02","GS_CBL-SP-02.webp","Electrical lockouts","Circuit breaker lockout (Handyman range), Single pole 02","Standard","Single"
"GS CBL-TS2","GS_CBL-TS2.webp","Electrical lockouts","Circuit breaker lockout (Handyman range), Twist screw 02","Standard","Single"
"GS CBL-Y-TS","GS_CBL-Y-TS.webp","Electrical lockouts","Circuit breaker lockout (Handyman range), Twist screw, yellow","Standard","Single"
"GS CBLU-Y-TS","GS_CBLU-Y-TS.webp","Electrical lockouts","Circuit breaker lockout (Handyman range), Universal twist screw, yellow","Standard","Single"
"V-UBL-SN","V-UBL-SN.webp","Electrical lockouts","Circuit breaker lockout (Handyman range), Universal, adjustable nut","Standard","Single"
"GS CBLU-B","GS_CBLU-B.webp","Electrical lockouts","Circuit breaker lockout (Handyman range), Universal, blue","Standard","Single"
"GS CBLU-UR","GS_CBLU-UR.webp","Electrical lockouts","Circuit breaker lockout (Handyman range), Universal, golden","Standard","Single"
"GS CBLU-G","GS_CBLU-G.webp","Electrical lockouts","Circuit breaker lockout (Handyman range), Universal, green","Standard","Single"
"GS CBLU-Y","GS_CBLU-Y.webp","Electrical lockouts","Circuit breaker lockout (Handyman range), Universal, yellow","Standard","Single"
"CBL SET","CBL_SET.webp","Electrical lockouts","Circuit breaker lockout sets, 3 different sizes","Standard","Single"
"V-CBF-COMBO","V-CBF-COMBO.webp","Electrical lockouts","Circuit breaker lockout sets, Miniature combo","Standard","Single"
"GS CBLS COMBO 3","GS_CBLS_COMBO_3.webp","Electrical lockouts","Circuit breaker lockout sets, Set of 3","Standard","Single"
"GS CBLS COMBO 4","GS_CBLS_COMBO_4.webp","Electrical lockouts","Circuit breaker lockout sets, Set of 4","Standard","Single"
"GS CBLU-COMBO","GS_CBLU-COMBO.webp","Electrical lockouts","Circuit breaker lockout sets, Set of 5 (yellow, green, blue, golden, big)","Standard","Single"
"HM-FA-01","HM-FA-01.webp","Electrical lockouts","Fire alarm circuit lockout kit, Fire alarm circuit lockout kit","Standard","Single"
"GS EPL - ES","GS_EPL_-_ES.webp","Electrical lockouts","Electrical panel lockout, Ellipse","Standard","Single"
"GS EPL-HL-1","GS_EPL-HL-1.webp","Electrical lockouts","Electrical panel lockout, Handle lockout 01","Standard","Single"
"GS EPL - 45","GS_EPL_-_45.webp","Electrical lockouts","Electrical panel lockout, Round 45","Standard","Single"
"GS EPL - 55","GS_EPL_-_55.webp","Electrical lockouts","Electrical panel lockout, Round 55","Standard","Single"
"GS EPL - SB","GS_EPL_-_SB.webp","Electrical lockouts","Electrical panel lockout, Square, big","Standard","Single"
"GS EPL - SB 45","GS_EPL_-_SB_45.webp","Electrical lockouts","Electrical panel lockout, Square, big, 45°","Standard","Single"
"GS EPL - SB 90","GS_EPL_-_SB_90.webp","Electrical lockouts","Electrical panel lockout, Square, big, 90°","Standard","Single"
"GS EPL - SS","GS_EPL_-_SS.webp","Electrical lockouts","Electrical panel lockout, Square, small","Standard","Single"
"V-HPL","V-HPL.webp","Switch, gas & air lockouts","Pendant & hoist controller cover, Hoist controller lockout","Standard","Single"
"LOTO-SGA-001","LOTO-SGA-001.webp","Switch, gas & air lockouts","Pendant & hoist controller cover, Pendant control cover","Expands to 18 in.","Single"
"LOTO-SGA-002","LOTO-SGA-002.webp","Switch, gas & air lockouts","Pendant & hoist controller cover, Pendant control cover","Expands to 39 in.","Single"
"LOTO-SGA-007","LOTO-SGA-007.webp","Switch, gas & air lockouts","Push button safety cover (base + cover), Clear cover","16 mm","Short cover"
"LOTO-SGA-008","LOTO-SGA-008.webp","Switch, gas & air lockouts","Push button safety cover (base + cover), Clear cover","16 mm","Tall cover"
"LOTO-SGA-009","LOTO-SGA-009.webp","Switch, gas & air lockouts","Push button safety cover (base + cover), Clear cover","22 mm","Medium cover"
"LOTO-SGA-010","LOTO-SGA-010.webp","Switch, gas & air lockouts","Push button safety cover (base + cover), Clear cover","30 mm","Medium cover"
"LOTO-SGA-011","LOTO-SGA-011.webp","Switch, gas & air lockouts","Push button safety cover (base + cover), Extra bases (clear)","16 mm","Pack of 5"
"LOTO-SGA-012","LOTO-SGA-012.webp","Switch, gas & air lockouts","Push button safety cover (base + cover), Extra bases (clear)","22 mm","Pack of 5"
"LOTO-SGA-013","LOTO-SGA-013.webp","Switch, gas & air lockouts","Push button safety cover (base + cover), Extra bases (clear)","30 mm","Pack of 5"
"LOTO-SGA-003","LOTO-SGA-003.webp","Switch, gas & air lockouts","Push button safety cover (base + cover), Red cover","16 mm","Short cover"
"LOTO-SGA-004","LOTO-SGA-004.webp","Switch, gas & air lockouts","Push button safety cover (base + cover), Red cover","16 mm","Tall cover"
"LOTO-SGA-005","LOTO-SGA-005.webp","Switch, gas & air lockouts","Push button safety cover (base + cover), Red cover","22 mm","Medium cover"
"LOTO-SGA-006","LOTO-SGA-006.webp","Switch, gas & air lockouts","Push button safety cover (base + cover), Red cover","30 mm","Medium cover"
"V-MPB","V-MPB.webp","Switch, gas & air lockouts","Push button & emergency stop cover, Mushroom push button lockout","Standard","Single"
"V-CIR-22","V-CIR-22.webp","Switch, gas & air lockouts","Push button & emergency stop cover, Push button switch lockout","22 mm","Single"
"LOTO-SGA-028","LOTO-SGA-028.webp","Switch, gas & air lockouts","Push button & emergency stop cover, Clear and metal hinged cover","Standard","Single"
"LOTO-SGA-027","LOTO-SGA-027.webp","Switch, gas & air lockouts","Push button & emergency stop cover, Clear hinged cover with legend plate","Standard","Single"
"LOTO-SGA-017","LOTO-SGA-017.webp","Switch, gas & air lockouts","Push button & emergency stop cover, Emergency stop","IEC 22.5 mm","Single"
"LOTO-SGA-016","LOTO-SGA-016.webp","Switch, gas & air lockouts","Push button & emergency stop cover, Emergency stop","NEMA 30.5 mm","Single"
"LOTO-SGA-015","LOTO-SGA-015.webp","Switch, gas & air lockouts","Push button & emergency stop cover, Push button","IEC 22.5 mm","Single"
"LOTO-SGA-014","LOTO-SGA-014.webp","Switch, gas & air lockouts","Push button & emergency stop cover, Push button","NEMA 30.5 mm","Single"
"GS CBL-WS-01","GS_CBL-WS-01.webp","Switch, gas & air lockouts","Wall switch lockout","Standard","Single"
"LOTO-SGA-018","LOTO-SGA-018.webp","Switch, gas & air lockouts","Wall switch lockout","Standard","Pack of 6"
"LOTO-SGA-019","LOTO-SGA-019.webp","Switch, gas & air lockouts","Pneumatic quick-disconnect lockout","Standard","Single"
"LOTO-SGA-020","LOTO-SGA-020.webp","Switch, gas & air lockouts","Pneumatic quick-disconnect lockout","Standard","Pack of 6"
"LOTO-SGA-023","LOTO-SGA-023.webp","Switch, gas & air lockouts","Gas cylinder lockout cap, High pressure","Coarse thread","Single"
"LOTO-SGA-021","LOTO-SGA-021.webp","Switch, gas & air lockouts","Gas cylinder lockout cap, High pressure","Fine thread","Single"
"LOTO-SGA-024","LOTO-SGA-024.webp","Switch, gas & air lockouts","Gas cylinder lockout cap, Low pressure","Coarse thread","Single"
"LOTO-SGA-022","LOTO-SGA-022.webp","Switch, gas & air lockouts","Gas cylinder lockout cap, Low pressure","Fine thread","Single"
"LOTO-SGA-025","LOTO-SGA-025.webp","Switch, gas & air lockouts","Air line regulator lockout, For AR2000 / NAR2000 regulators","Standard","Single"
"LOTO-SGA-026","LOTO-SGA-026.webp","Switch, gas & air lockouts","Air line regulator lockout, For AR3000 / NAR3000 regulators","Standard","Single"
"GS CLO-1Y","GS_CLO-1Y.webp","Switch, gas & air lockouts","Cylinder lockout, Yellow","Standard","Single"
"GS CLO-1E","GS_CLO-1E.webp","Switch, gas & air lockouts","Cylinder lockout, Type E","Standard","Single"
"GS CLO-1F","GS_CLO-1F.webp","Switch, gas & air lockouts","Cylinder lockout, Type F","Standard","Single"
"GS CLO-1R","GS_CLO-1R.webp","Switch, gas & air lockouts","Cylinder lockout, Type R","Standard","Single"
"LOTO-FUS-002","LOTO-FUS-002.webp","Fuse & terminal lockouts","Fuse lockout device","9/16 in.","Pack of 6"
"LOTO-FUS-001","LOTO-FUS-001.webp","Fuse & terminal lockouts","Fuse lockout device","13/32 in.","Pack of 6"
"LOTO-FUS-004","LOTO-FUS-004.webp","Fuse & terminal lockouts","Fuse blockout device","Large","Pack of 6"
"LOTO-FUS-003","LOTO-FUS-003.webp","Fuse & terminal lockouts","Fuse blockout device","Small","Pack of 6"
"LOTO-FUS-005","LOTO-FUS-005.webp","Fuse & terminal lockouts","Universal fuse lockout","Standard","Single"
"LOTO-FUS-006","LOTO-FUS-006.webp","Fuse & terminal lockouts","Fuse & terminal block lockout, 0.56 in. fuse blocks","Standard","Pack of 2"
"LOTO-FUS-007","LOTO-FUS-007.webp","Fuse & terminal lockouts","Fuse & terminal block lockout, 0.56 in. fuse blocks","Standard","Pack of 50"
"LOTO-FUS-008","LOTO-FUS-008.webp","Fuse & terminal lockouts","Fuse & terminal block lockout, Modular fuse blocks (USSC2)","Standard","Pack of 2"
"LOTO-FUS-009","LOTO-FUS-009.webp","Fuse & terminal lockouts","Fuse & terminal block lockout, Modular fuse blocks (USSC2)","Standard","Pack of 50"
"LOTO-FUS-010","LOTO-FUS-010.webp","Fuse & terminal lockouts","Fuse & terminal block lockout, NEC fuse blocks (GE type)","Standard","Pack of 2"
"LOTO-FUS-011","LOTO-FUS-011.webp","Fuse & terminal lockouts","Fuse & terminal block lockout, NEC fuse blocks (GE type)","Standard","Pack of 50"
"LOTO-FUS-012","LOTO-FUS-012.webp","Fuse & terminal lockouts","Fuse & terminal block lockout, Terminal blocks","Standard","Pack of 2"
"LOTO-FUS-013","LOTO-FUS-013.webp","Fuse & terminal lockouts","Fuse & terminal block lockout, Terminal blocks","Standard","Pack of 50"
"LOTO-PLG-001","LOTO-PLG-001.webp","Plug & vehicle lockouts","Forklift battery connector lockout","Standard","Single"
"LOTO-PLG-003","LOTO-PLG-003.webp","Plug & vehicle lockouts","EV charging lockout, Charging plug lockout (NACS)","Standard","Single"
"LOTO-PLG-002","LOTO-PLG-002.webp","Plug & vehicle lockouts","EV charging lockout, Charging port lockout","Standard","Single"
"LOTO-PLG-004","LOTO-PLG-004.webp","Plug & vehicle lockouts","Trailer air line (glad hand) lockout","Standard","Single"
"LOTO-PLG-005","LOTO-PLG-005.webp","Plug & vehicle lockouts","Trailer air line (glad hand) lockout","Standard","Pack of 6"
"LOTO-PLG-006","LOTO-PLG-006.webp","Plug & vehicle lockouts","Steering wheel safety cover","12 in.","Single"
"LOTO-PLG-007","LOTO-PLG-007.webp","Plug & vehicle lockouts","Steering wheel safety cover","16 in.","Single"
"LOTO-PLG-008","LOTO-PLG-008.webp","Plug & vehicle lockouts","Steering wheel safety cover","20 in.","Single"
"LOTO-PLG-011","LOTO-PLG-011.webp","Plug & vehicle lockouts","Battery cable lockout","Large","Single"
"LOTO-PLG-012","LOTO-PLG-012.webp","Plug & vehicle lockouts","Battery cable lockout","Large","Pack of 24"
"LOTO-PLG-009","LOTO-PLG-009.webp","Plug & vehicle lockouts","Battery cable lockout","Small","Single"
"LOTO-PLG-010","LOTO-PLG-010.webp","Plug & vehicle lockouts","Battery cable lockout","Small","Pack of 24"
"LOTO-PLG-013","LOTO-PLG-013.webp","Plug & vehicle lockouts","Detachable IEC plug lockout","Standard","Single"
"LOTO-PLG-015","LOTO-PLG-015.webp","Plug & vehicle lockouts","Heavy-duty plug lockout","Large","Single"
"LOTO-PLG-014","LOTO-PLG-014.webp","Plug & vehicle lockouts","Heavy-duty plug lockout","Small","Single"
"V-CLO-E","V-CLO-E.webp","Plug & vehicle lockouts","Electrical plug lockout, Electrical plug lockout","Standard","Single"
"LOTO-PLG-016","LOTO-PLG-016.webp","Plug & vehicle lockouts","Electrical plug lockout","Small, 110 V","Single"
"LOTO-PLG-017","LOTO-PLG-017.webp","Plug & vehicle lockouts","Electrical plug lockout","Large, 220/500 V","Single"
"LOTO-PLG-018","LOTO-PLG-018.webp","Plug & vehicle lockouts","3-in-1 plug lockout","Standard","Single"
"V-LPLO","V-LPLO.webp","Plug & vehicle lockouts","Electrical / pneumatic plug lockout","Big","Single"
"V-SPLO","V-SPLO.webp","Plug & vehicle lockouts","Electrical / pneumatic plug lockout","Small","Single"
"LOTO-PLG-019","LOTO-PLG-019.webp","Plug & vehicle lockouts","Electrical / pneumatic plug lockout","Standard","Single"
"V-RP15","V-RP15.webp","Plug & vehicle lockouts","Pin & sleeve plug / socket lockout, Plug lockout, yellow","Standard","Single"
"V-RS14 - M","V-RS14_-_M.webp","Plug & vehicle lockouts","Pin & sleeve plug / socket lockout, Socket lockout, 415 V, red","Standard","Single"
"V-RS14 - B","V-RS14_-_B.webp","Plug & vehicle lockouts","Pin & sleeve plug / socket lockout, Socket lockout, 500 V, red","Standard","Single"
"GS EPL-PCL","GS_EPL-PCL.webp","Plug & vehicle lockouts","Power cord lockout, Computer power cord lockout","Standard","Single"
"LOTO-CSP-001","LOTO-CSP-001.webp","Confined space covers","Confined space cover, elastic","Fits 18 in. opening","Single"
"LOTO-CSP-002","LOTO-CSP-002.webp","Confined space covers","Confined space cover, elastic","Fits 22 in. opening","Single"
"LOTO-CSP-003","LOTO-CSP-003.webp","Confined space covers","Confined space cover, elastic","Fits 30 in. opening","Single"
"LOTO-CSP-004","LOTO-CSP-004.webp","Confined space covers","Confined space cover, elastic","Fits 36 in. opening","Single"
"LOTO-CSP-005","LOTO-CSP-005.webp","Confined space covers","Confined space cover, elastic","Fits 42 in. opening","Single"
"LOTO-CSP-007","LOTO-CSP-007.webp","Confined space covers","Confined space cover, magnetic","Small, up to 20 in.","Single"
"LOTO-CSP-006","LOTO-CSP-006.webp","Confined space covers","Confined space cover, magnetic","X-Small, up to 20 in.","Single"
"LOTO-CSP-009","LOTO-CSP-009.webp","Confined space covers","Confined space cover, magnetic","Large, up to 28 in.","Single"
"LOTO-CSP-008","LOTO-CSP-008.webp","Confined space covers","Confined space cover, magnetic","Medium, up to 28 in.","Single"
"LOTO-CSP-010","LOTO-CSP-010.webp","Confined space covers","Confined space cover, magnetic","X-Large, up to 34 in.","Single"
"LOTO-CSP-015","LOTO-CSP-015.webp","Confined space covers","Confined space manhole sign, Caution – do not enter without a permit","21 × 30 in.","Single"
"LOTO-CSP-012","LOTO-CSP-012.webp","Confined space covers","Confined space manhole sign, Danger – call your supervisor","21 × 30 in.","Single"
"LOTO-CSP-013","LOTO-CSP-013.webp","Confined space covers","Confined space manhole sign, Danger – call your supervisor","30.5 × 42 in.","Single"
"LOTO-CSP-011","LOTO-CSP-011.webp","Confined space covers","Confined space manhole sign, Danger – enter by permit only","21 × 30 in.","Single"
"LOTO-CSP-014","LOTO-CSP-014.webp","Confined space covers","Confined space manhole sign, Danger – entry can be fatal, follow all procedures","21 × 30 in.","Single"
"LOTO-TAG-114","LOTO-TAG-114.webp","Lockout tags","Standard lockout tags (25 pack), Design 1","Cardstock","Reverse legend B"
"LOTO-TAG-115","LOTO-TAG-115.webp","Lockout tags","Standard lockout tags (25 pack), Design 1","Cardstock","Reverse legend F"
"LOTO-TAG-116","LOTO-TAG-116.webp","Lockout tags","Standard lockout tags (25 pack), Design 1","Cardstock","Reverse legend G"
"LOTO-TAG-111","LOTO-TAG-111.webp","Lockout tags","Standard lockout tags (25 pack), Design 1","Economy polyester","Reverse legend B"
"LOTO-TAG-112","LOTO-TAG-112.webp","Lockout tags","Standard lockout tags (25 pack), Design 1","Economy polyester","Reverse legend F"
"LOTO-TAG-113","LOTO-TAG-113.webp","Lockout tags","Standard lockout tags (25 pack), Design 1","Economy polyester","Reverse legend G"
"LOTO-TAG-108","LOTO-TAG-108.webp","Lockout tags","Standard lockout tags (25 pack), Design 1","Heavy-duty polyester","Reverse legend B"
"LOTO-TAG-109","LOTO-TAG-109.webp","Lockout tags","Standard lockout tags (25 pack), Design 1","Heavy-duty polyester","Reverse legend F"
"LOTO-TAG-110","LOTO-TAG-110.webp","Lockout tags","Standard lockout tags (25 pack), Design 1","Heavy-duty polyester","Reverse legend G"
"LOTO-TAG-123","LOTO-TAG-123.webp","Lockout tags","Standard lockout tags (25 pack), Design 2","Cardstock","Reverse legend B"
"LOTO-TAG-124","LOTO-TAG-124.webp","Lockout tags","Standard lockout tags (25 pack), Design 2","Cardstock","Reverse legend F"
"LOTO-TAG-125","LOTO-TAG-125.webp","Lockout tags","Standard lockout tags (25 pack), Design 2","Cardstock","Reverse legend G"
"LOTO-TAG-120","LOTO-TAG-120.webp","Lockout tags","Standard lockout tags (25 pack), Design 2","Economy polyester","Reverse legend B"
"LOTO-TAG-121","LOTO-TAG-121.webp","Lockout tags","Standard lockout tags (25 pack), Design 2","Economy polyester","Reverse legend F"
"LOTO-TAG-122","LOTO-TAG-122.webp","Lockout tags","Standard lockout tags (25 pack), Design 2","Economy polyester","Reverse legend G"
"LOTO-TAG-117","LOTO-TAG-117.webp","Lockout tags","Standard lockout tags (25 pack), Design 2","Heavy-duty polyester","Reverse legend B"
"LOTO-TAG-118","LOTO-TAG-118.webp","Lockout tags","Standard lockout tags (25 pack), Design 2","Heavy-duty polyester","Reverse legend F"
"LOTO-TAG-119","LOTO-TAG-119.webp","Lockout tags","Standard lockout tags (25 pack), Design 2","Heavy-duty polyester","Reverse legend G"
"LOTO-TAG-132","LOTO-TAG-132.webp","Lockout tags","Standard lockout tags (25 pack), Design 3","Cardstock","Reverse legend B"
"LOTO-TAG-133","LOTO-TAG-133.webp","Lockout tags","Standard lockout tags (25 pack), Design 3","Cardstock","Reverse legend F"
"LOTO-TAG-134","LOTO-TAG-134.webp","Lockout tags","Standard lockout tags (25 pack), Design 3","Cardstock","Reverse legend G"
"LOTO-TAG-129","LOTO-TAG-129.webp","Lockout tags","Standard lockout tags (25 pack), Design 3","Economy polyester","Reverse legend B"
"LOTO-TAG-130","LOTO-TAG-130.webp","Lockout tags","Standard lockout tags (25 pack), Design 3","Economy polyester","Reverse legend F"
"LOTO-TAG-131","LOTO-TAG-131.webp","Lockout tags","Standard lockout tags (25 pack), Design 3","Economy polyester","Reverse legend G"
"LOTO-TAG-126","LOTO-TAG-126.webp","Lockout tags","Standard lockout tags (25 pack), Design 3","Heavy-duty polyester","Reverse legend B"
"LOTO-TAG-127","LOTO-TAG-127.webp","Lockout tags","Standard lockout tags (25 pack), Design 3","Heavy-duty polyester","Reverse legend F"
"LOTO-TAG-128","LOTO-TAG-128.webp","Lockout tags","Standard lockout tags (25 pack), Design 3","Heavy-duty polyester","Reverse legend G"
"LOTO-TAG-141","LOTO-TAG-141.webp","Lockout tags","Standard lockout tags (25 pack), Design 4","Cardstock","Reverse legend B"
"LOTO-TAG-142","LOTO-TAG-142.webp","Lockout tags","Standard lockout tags (25 pack), Design 4","Cardstock","Reverse legend F"
"LOTO-TAG-143","LOTO-TAG-143.webp","Lockout tags","Standard lockout tags (25 pack), Design 4","Cardstock","Reverse legend G"
"LOTO-TAG-138","LOTO-TAG-138.webp","Lockout tags","Standard lockout tags (25 pack), Design 4","Economy polyester","Reverse legend B"
"LOTO-TAG-139","LOTO-TAG-139.webp","Lockout tags","Standard lockout tags (25 pack), Design 4","Economy polyester","Reverse legend F"
"LOTO-TAG-140","LOTO-TAG-140.webp","Lockout tags","Standard lockout tags (25 pack), Design 4","Economy polyester","Reverse legend G"
"LOTO-TAG-135","LOTO-TAG-135.webp","Lockout tags","Standard lockout tags (25 pack), Design 4","Heavy-duty polyester","Reverse legend B"
"LOTO-TAG-136","LOTO-TAG-136.webp","Lockout tags","Standard lockout tags (25 pack), Design 4","Heavy-duty polyester","Reverse legend F"
"LOTO-TAG-137","LOTO-TAG-137.webp","Lockout tags","Standard lockout tags (25 pack), Design 4","Heavy-duty polyester","Reverse legend G"
"LOTO-TAG-150","LOTO-TAG-150.webp","Lockout tags","Standard lockout tags (25 pack), Design 5","Cardstock","Reverse legend B"
"LOTO-TAG-151","LOTO-TAG-151.webp","Lockout tags","Standard lockout tags (25 pack), Design 5","Cardstock","Reverse legend F"
"LOTO-TAG-152","LOTO-TAG-152.webp","Lockout tags","Standard lockout tags (25 pack), Design 5","Cardstock","Reverse legend G"
"LOTO-TAG-147","LOTO-TAG-147.webp","Lockout tags","Standard lockout tags (25 pack), Design 5","Economy polyester","Reverse legend B"
"LOTO-TAG-148","LOTO-TAG-148.webp","Lockout tags","Standard lockout tags (25 pack), Design 5","Economy polyester","Reverse legend F"
"LOTO-TAG-149","LOTO-TAG-149.webp","Lockout tags","Standard lockout tags (25 pack), Design 5","Economy polyester","Reverse legend G"
"LOTO-TAG-144","LOTO-TAG-144.webp","Lockout tags","Standard lockout tags (25 pack), Design 5","Heavy-duty polyester","Reverse legend B"
"LOTO-TAG-145","LOTO-TAG-145.webp","Lockout tags","Standard lockout tags (25 pack), Design 5","Heavy-duty polyester","Reverse legend F"
"LOTO-TAG-146","LOTO-TAG-146.webp","Lockout tags","Standard lockout tags (25 pack), Design 5","Heavy-duty polyester","Reverse legend G"
"LOTO-TAG-159","LOTO-TAG-159.webp","Lockout tags","Standard lockout tags (25 pack), Design 6","Cardstock","Reverse legend B"
"LOTO-TAG-160","LOTO-TAG-160.webp","Lockout tags","Standard lockout tags (25 pack), Design 6","Cardstock","Reverse legend F"
"LOTO-TAG-161","LOTO-TAG-161.webp","Lockout tags","Standard lockout tags (25 pack), Design 6","Cardstock","Reverse legend G"
"LOTO-TAG-156","LOTO-TAG-156.webp","Lockout tags","Standard lockout tags (25 pack), Design 6","Economy polyester","Reverse legend B"
"LOTO-TAG-157","LOTO-TAG-157.webp","Lockout tags","Standard lockout tags (25 pack), Design 6","Economy polyester","Reverse legend F"
"LOTO-TAG-158","LOTO-TAG-158.webp","Lockout tags","Standard lockout tags (25 pack), Design 6","Economy polyester","Reverse legend G"
"LOTO-TAG-153","LOTO-TAG-153.webp","Lockout tags","Standard lockout tags (25 pack), Design 6","Heavy-duty polyester","Reverse legend B"
"LOTO-TAG-154","LOTO-TAG-154.webp","Lockout tags","Standard lockout tags (25 pack), Design 6","Heavy-duty polyester","Reverse legend F"
"LOTO-TAG-155","LOTO-TAG-155.webp","Lockout tags","Standard lockout tags (25 pack), Design 6","Heavy-duty polyester","Reverse legend G"
"LOTO-TAG-168","LOTO-TAG-168.webp","Lockout tags","Standard lockout tags (25 pack), Design 7","Cardstock","Reverse legend B"
"LOTO-TAG-169","LOTO-TAG-169.webp","Lockout tags","Standard lockout tags (25 pack), Design 7","Cardstock","Reverse legend F"
"LOTO-TAG-170","LOTO-TAG-170.webp","Lockout tags","Standard lockout tags (25 pack), Design 7","Cardstock","Reverse legend G"
"LOTO-TAG-165","LOTO-TAG-165.webp","Lockout tags","Standard lockout tags (25 pack), Design 7","Economy polyester","Reverse legend B"
"LOTO-TAG-166","LOTO-TAG-166.webp","Lockout tags","Standard lockout tags (25 pack), Design 7","Economy polyester","Reverse legend F"
"LOTO-TAG-167","LOTO-TAG-167.webp","Lockout tags","Standard lockout tags (25 pack), Design 7","Economy polyester","Reverse legend G"
"LOTO-TAG-162","LOTO-TAG-162.webp","Lockout tags","Standard lockout tags (25 pack), Design 7","Heavy-duty polyester","Reverse legend B"
"LOTO-TAG-163","LOTO-TAG-163.webp","Lockout tags","Standard lockout tags (25 pack), Design 7","Heavy-duty polyester","Reverse legend F"
"LOTO-TAG-164","LOTO-TAG-164.webp","Lockout tags","Standard lockout tags (25 pack), Design 7","Heavy-duty polyester","Reverse legend G"
"LOTO-TAG-177","LOTO-TAG-177.webp","Lockout tags","Standard lockout tags (25 pack), Design 8","Cardstock","Reverse legend B"
"LOTO-TAG-178","LOTO-TAG-178.webp","Lockout tags","Standard lockout tags (25 pack), Design 8","Cardstock","Reverse legend F"
"LOTO-TAG-179","LOTO-TAG-179.webp","Lockout tags","Standard lockout tags (25 pack), Design 8","Cardstock","Reverse legend G"
"LOTO-TAG-174","LOTO-TAG-174.webp","Lockout tags","Standard lockout tags (25 pack), Design 8","Economy polyester","Reverse legend B"
"LOTO-TAG-175","LOTO-TAG-175.webp","Lockout tags","Standard lockout tags (25 pack), Design 8","Economy polyester","Reverse legend F"
"LOTO-TAG-176","LOTO-TAG-176.webp","Lockout tags","Standard lockout tags (25 pack), Design 8","Economy polyester","Reverse legend G"
"LOTO-TAG-171","LOTO-TAG-171.webp","Lockout tags","Standard lockout tags (25 pack), Design 8","Heavy-duty polyester","Reverse legend B"
"LOTO-TAG-172","LOTO-TAG-172.webp","Lockout tags","Standard lockout tags (25 pack), Design 8","Heavy-duty polyester","Reverse legend F"
"LOTO-TAG-173","LOTO-TAG-173.webp","Lockout tags","Standard lockout tags (25 pack), Design 8","Heavy-duty polyester","Reverse legend G"
"LOTO-TAG-186","LOTO-TAG-186.webp","Lockout tags","Standard lockout tags (25 pack), Design 9","Cardstock","Reverse legend B"
"LOTO-TAG-187","LOTO-TAG-187.webp","Lockout tags","Standard lockout tags (25 pack), Design 9","Cardstock","Reverse legend F"
"LOTO-TAG-188","LOTO-TAG-188.webp","Lockout tags","Standard lockout tags (25 pack), Design 9","Cardstock","Reverse legend G"
"LOTO-TAG-183","LOTO-TAG-183.webp","Lockout tags","Standard lockout tags (25 pack), Design 9","Economy polyester","Reverse legend B"
"LOTO-TAG-184","LOTO-TAG-184.webp","Lockout tags","Standard lockout tags (25 pack), Design 9","Economy polyester","Reverse legend F"
"LOTO-TAG-185","LOTO-TAG-185.webp","Lockout tags","Standard lockout tags (25 pack), Design 9","Economy polyester","Reverse legend G"
"LOTO-TAG-180","LOTO-TAG-180.webp","Lockout tags","Standard lockout tags (25 pack), Design 9","Heavy-duty polyester","Reverse legend B"
"LOTO-TAG-181","LOTO-TAG-181.webp","Lockout tags","Standard lockout tags (25 pack), Design 9","Heavy-duty polyester","Reverse legend F"
"LOTO-TAG-182","LOTO-TAG-182.webp","Lockout tags","Standard lockout tags (25 pack), Design 9","Heavy-duty polyester","Reverse legend G"
"LOTO-TAG-195","LOTO-TAG-195.webp","Lockout tags","Standard lockout tags (25 pack), Design 10","Cardstock","Reverse legend B"
"LOTO-TAG-196","LOTO-TAG-196.webp","Lockout tags","Standard lockout tags (25 pack), Design 10","Cardstock","Reverse legend F"
"LOTO-TAG-197","LOTO-TAG-197.webp","Lockout tags","Standard lockout tags (25 pack), Design 10","Cardstock","Reverse legend G"
"LOTO-TAG-192","LOTO-TAG-192.webp","Lockout tags","Standard lockout tags (25 pack), Design 10","Economy polyester","Reverse legend B"
"LOTO-TAG-193","LOTO-TAG-193.webp","Lockout tags","Standard lockout tags (25 pack), Design 10","Economy polyester","Reverse legend F"
"LOTO-TAG-194","LOTO-TAG-194.webp","Lockout tags","Standard lockout tags (25 pack), Design 10","Economy polyester","Reverse legend G"
"LOTO-TAG-189","LOTO-TAG-189.webp","Lockout tags","Standard lockout tags (25 pack), Design 10","Heavy-duty polyester","Reverse legend B"
"LOTO-TAG-190","LOTO-TAG-190.webp","Lockout tags","Standard lockout tags (25 pack), Design 10","Heavy-duty polyester","Reverse legend F"
"LOTO-TAG-191","LOTO-TAG-191.webp","Lockout tags","Standard lockout tags (25 pack), Design 10","Heavy-duty polyester","Reverse legend G"
"GS S-TAG","GS_S-TAG.webp","Lockout tags","Standard lockout tags (10 pack)","0.5 mm thick","Pack of 10"
"GS S-TAG-7","GS_S-TAG-7.webp","Lockout tags","Standard lockout tags (10 pack)","0.7 mm thick","Pack of 10"
"GS C-TAGS","GS_C-TAGS.webp","Lockout tags","Customised lockout tags, Choose template from the catalogue","Standard","Single"
"GS LH-T-A27","GS_LH-T-A27.webp","Lockout tags","Hasp tag, Hasp tag A27","Standard","Single"
"LOTO-TAG-026","LOTO-TAG-026.webp","Lockout tags","Energy source tags, Control panel","Number 1","Pack of 5"
"LOTO-TAG-027","LOTO-TAG-027.webp","Lockout tags","Energy source tags, Control panel","Number 1","Pack of 25"
"LOTO-TAG-028","LOTO-TAG-028.webp","Lockout tags","Energy source tags, Control panel","Number 2","Pack of 5"
"LOTO-TAG-029","LOTO-TAG-029.webp","Lockout tags","Energy source tags, Control panel","Number 2","Pack of 25"
"LOTO-TAG-030","LOTO-TAG-030.webp","Lockout tags","Energy source tags, Control panel","Number 3","Pack of 5"
"LOTO-TAG-031","LOTO-TAG-031.webp","Lockout tags","Energy source tags, Control panel","Number 3","Pack of 25"
"LOTO-TAG-032","LOTO-TAG-032.webp","Lockout tags","Energy source tags, Control panel","Number 4","Pack of 5"
"LOTO-TAG-033","LOTO-TAG-033.webp","Lockout tags","Energy source tags, Control panel","Number 4","Pack of 25"
"LOTO-TAG-034","LOTO-TAG-034.webp","Lockout tags","Energy source tags, Control panel","Number 5","Pack of 5"
"LOTO-TAG-035","LOTO-TAG-035.webp","Lockout tags","Energy source tags, Control panel","Number 5","Pack of 25"
"LOTO-TAG-036","LOTO-TAG-036.webp","Lockout tags","Energy source tags, Electrical","Number 1","Pack of 5"
"LOTO-TAG-037","LOTO-TAG-037.webp","Lockout tags","Energy source tags, Electrical","Number 1","Pack of 25"
"LOTO-TAG-038","LOTO-TAG-038.webp","Lockout tags","Energy source tags, Electrical","Number 2","Pack of 5"
"LOTO-TAG-039","LOTO-TAG-039.webp","Lockout tags","Energy source tags, Electrical","Number 2","Pack of 25"
"LOTO-TAG-040","LOTO-TAG-040.webp","Lockout tags","Energy source tags, Electrical","Number 3","Pack of 5"
"LOTO-TAG-041","LOTO-TAG-041.webp","Lockout tags","Energy source tags, Electrical","Number 3","Pack of 25"
"LOTO-TAG-042","LOTO-TAG-042.webp","Lockout tags","Energy source tags, Electrical","Number 4","Pack of 5"
"LOTO-TAG-043","LOTO-TAG-043.webp","Lockout tags","Energy source tags, Electrical","Number 4","Pack of 25"
"LOTO-TAG-044","LOTO-TAG-044.webp","Lockout tags","Energy source tags, Electrical","Number 5","Pack of 5"
"LOTO-TAG-045","LOTO-TAG-045.webp","Lockout tags","Energy source tags, Electrical","Number 5","Pack of 25"
"LOTO-TAG-046","LOTO-TAG-046.webp","Lockout tags","Energy source tags, Gas","Number 1","Pack of 5"
"LOTO-TAG-047","LOTO-TAG-047.webp","Lockout tags","Energy source tags, Gas","Number 1","Pack of 25"
"LOTO-TAG-048","LOTO-TAG-048.webp","Lockout tags","Energy source tags, Gas","Number 2","Pack of 5"
"LOTO-TAG-049","LOTO-TAG-049.webp","Lockout tags","Energy source tags, Gas","Number 2","Pack of 25"
"LOTO-TAG-050","LOTO-TAG-050.webp","Lockout tags","Energy source tags, Gas","Number 3","Pack of 5"
"LOTO-TAG-051","LOTO-TAG-051.webp","Lockout tags","Energy source tags, Gas","Number 3","Pack of 25"
"LOTO-TAG-052","LOTO-TAG-052.webp","Lockout tags","Energy source tags, Gas","Number 4","Pack of 5"
"LOTO-TAG-053","LOTO-TAG-053.webp","Lockout tags","Energy source tags, Gas","Number 4","Pack of 25"
"LOTO-TAG-054","LOTO-TAG-054.webp","Lockout tags","Energy source tags, Gas","Number 5","Pack of 25"
"LOTO-TAG-055","LOTO-TAG-055.webp","Lockout tags","Energy source tags, Pneumatic / air","Number 1","Pack of 5"
"LOTO-TAG-056","LOTO-TAG-056.webp","Lockout tags","Energy source tags, Pneumatic / air","Number 1","Pack of 25"
"LOTO-TAG-057","LOTO-TAG-057.webp","Lockout tags","Energy source tags, Pneumatic / air","Number 2","Pack of 5"
"LOTO-TAG-058","LOTO-TAG-058.webp","Lockout tags","Energy source tags, Pneumatic / air","Number 2","Pack of 25"
"LOTO-TAG-059","LOTO-TAG-059.webp","Lockout tags","Energy source tags, Pneumatic / air","Number 3","Pack of 5"
"LOTO-TAG-060","LOTO-TAG-060.webp","Lockout tags","Energy source tags, Pneumatic / air","Number 3","Pack of 25"
"LOTO-TAG-061","LOTO-TAG-061.webp","Lockout tags","Energy source tags, Pneumatic / air","Number 4","Pack of 5"
"LOTO-TAG-062","LOTO-TAG-062.webp","Lockout tags","Energy source tags, Pneumatic / air","Number 4","Pack of 25"
"LOTO-TAG-063","LOTO-TAG-063.webp","Lockout tags","Energy source tags, Pneumatic / air","Number 5","Pack of 5"
"LOTO-TAG-064","LOTO-TAG-064.webp","Lockout tags","Energy source tags, Pneumatic / air","Number 5","Pack of 25"
"LOTO-TAG-075","LOTO-TAG-075.webp","Lockout tags","Energy source tags, Steam (orange)","Number 1","Pack of 5"
"LOTO-TAG-076","LOTO-TAG-076.webp","Lockout tags","Energy source tags, Steam (orange)","Number 1","Pack of 25"
"LOTO-TAG-077","LOTO-TAG-077.webp","Lockout tags","Energy source tags, Steam (orange)","Number 2","Pack of 5"
"LOTO-TAG-078","LOTO-TAG-078.webp","Lockout tags","Energy source tags, Steam (orange)","Number 2","Pack of 25"
"LOTO-TAG-079","LOTO-TAG-079.webp","Lockout tags","Energy source tags, Steam (orange)","Number 3","Pack of 5"
"LOTO-TAG-080","LOTO-TAG-080.webp","Lockout tags","Energy source tags, Steam (orange)","Number 3","Pack of 25"
"LOTO-TAG-081","LOTO-TAG-081.webp","Lockout tags","Energy source tags, Steam (orange)","Number 4","Pack of 5"
"LOTO-TAG-082","LOTO-TAG-082.webp","Lockout tags","Energy source tags, Steam (orange)","Number 4","Pack of 25"
"LOTO-TAG-083","LOTO-TAG-083.webp","Lockout tags","Energy source tags, Steam (orange)","Number 5","Pack of 5"
"LOTO-TAG-084","LOTO-TAG-084.webp","Lockout tags","Energy source tags, Steam (orange)","Number 5","Pack of 25"
"LOTO-TAG-065","LOTO-TAG-065.webp","Lockout tags","Energy source tags, Steam (red)","Number 1","Pack of 5"
"LOTO-TAG-066","LOTO-TAG-066.webp","Lockout tags","Energy source tags, Steam (red)","Number 1","Pack of 25"
"LOTO-TAG-067","LOTO-TAG-067.webp","Lockout tags","Energy source tags, Steam (red)","Number 2","Pack of 5"
"LOTO-TAG-068","LOTO-TAG-068.webp","Lockout tags","Energy source tags, Steam (red)","Number 2","Pack of 25"
"LOTO-TAG-069","LOTO-TAG-069.webp","Lockout tags","Energy source tags, Steam (red)","Number 3","Pack of 5"
"LOTO-TAG-070","LOTO-TAG-070.webp","Lockout tags","Energy source tags, Steam (red)","Number 3","Pack of 25"
"LOTO-TAG-071","LOTO-TAG-071.webp","Lockout tags","Energy source tags, Steam (red)","Number 4","Pack of 5"
"LOTO-TAG-072","LOTO-TAG-072.webp","Lockout tags","Energy source tags, Steam (red)","Number 4","Pack of 25"
"LOTO-TAG-073","LOTO-TAG-073.webp","Lockout tags","Energy source tags, Steam (red)","Number 5","Pack of 5"
"LOTO-TAG-074","LOTO-TAG-074.webp","Lockout tags","Energy source tags, Steam (red)","Number 5","Pack of 25"
"LOTO-TAG-085","LOTO-TAG-085.webp","Lockout tags","Energy source tags, Valve","Number 1","Pack of 5"
"LOTO-TAG-086","LOTO-TAG-086.webp","Lockout tags","Energy source tags, Valve","Number 1","Pack of 25"
"LOTO-TAG-087","LOTO-TAG-087.webp","Lockout tags","Energy source tags, Valve","Number 2","Pack of 5"
"LOTO-TAG-088","LOTO-TAG-088.webp","Lockout tags","Energy source tags, Valve","Number 2","Pack of 25"
"LOTO-TAG-089","LOTO-TAG-089.webp","Lockout tags","Energy source tags, Valve","Number 3","Pack of 5"
"LOTO-TAG-090","LOTO-TAG-090.webp","Lockout tags","Energy source tags, Valve","Number 3","Pack of 25"
"LOTO-TAG-091","LOTO-TAG-091.webp","Lockout tags","Energy source tags, Valve","Number 4","Pack of 5"
"LOTO-TAG-092","LOTO-TAG-092.webp","Lockout tags","Energy source tags, Valve","Number 4","Pack of 25"
"LOTO-TAG-093","LOTO-TAG-093.webp","Lockout tags","Energy source tags, Valve","Number 5","Pack of 5"
"LOTO-TAG-094","LOTO-TAG-094.webp","Lockout tags","Energy source tags, Valve","Number 5","Pack of 25"
"LOTO-TAG-095","LOTO-TAG-095.webp","Lockout tags","Energy source tags, Water","Number 1","Pack of 5"
"LOTO-TAG-096","LOTO-TAG-096.webp","Lockout tags","Energy source tags, Water","Number 1","Pack of 25"
"LOTO-TAG-097","LOTO-TAG-097.webp","Lockout tags","Energy source tags, Water","Number 2","Pack of 5"
"LOTO-TAG-098","LOTO-TAG-098.webp","Lockout tags","Energy source tags, Water","Number 2","Pack of 25"
"LOTO-TAG-099","LOTO-TAG-099.webp","Lockout tags","Energy source tags, Water","Number 3","Pack of 5"
"LOTO-TAG-100","LOTO-TAG-100.webp","Lockout tags","Energy source tags, Water","Number 3","Pack of 25"
"LOTO-TAG-101","LOTO-TAG-101.webp","Lockout tags","Energy source tags, Water","Number 4","Pack of 5"
"LOTO-TAG-102","LOTO-TAG-102.webp","Lockout tags","Energy source tags, Water","Number 4","Pack of 25"
"LOTO-TAG-103","LOTO-TAG-103.webp","Lockout tags","Energy source tags, Water","Number 5","Pack of 5"
"LOTO-TAG-104","LOTO-TAG-104.webp","Lockout tags","Energy source tags, Water","Number 5","Pack of 25"
"LOTO-TAG-017","LOTO-TAG-017.webp","Lockout tags","Photo lockout tags, Unlaminated","5.75 × 3 in.","Pack of 25"
"LOTO-TAG-018","LOTO-TAG-018.webp","Lockout tags","Photo lockout tags, With laminate","5.75 × 3 in.","Pack of 10"
"LOTO-TAG-019","LOTO-TAG-019.webp","Lockout tags","Photo lockout tags, With laminate","7 × 4 in.","Pack of 10"
"LOTO-TAG-106","LOTO-TAG-106.webp","Lockout tags","Padlock tags, Do not operate","3 × 2 in.","Single"
"LOTO-TAG-107","LOTO-TAG-107.webp","Lockout tags","Padlock tags, Do not operate, English / Spanish","3 × 2 in.","Single"
"LOTO-TAG-105","LOTO-TAG-105.webp","Lockout tags","Padlock tags, Equipment locked out","3 × 2 in.","Single"
"LOTO-TAG-020","LOTO-TAG-020.webp","Lockout tags","Mini safety tags & fasteners, Mini tag, 2.5 × 2 in.","Standard","Pack of 25"
"LOTO-TAG-021","LOTO-TAG-021.webp","Lockout tags","Mini safety tags & fasteners, Nylon fasteners, 7 in.","Standard","Pack of 100"
"LOTO-TAG-025","LOTO-TAG-025.webp","Lockout tags","Two-part perforated tags, Do not operate","Cardstock, 7.5 × 4 in.","Pack of 25"
"LOTO-TAG-024","LOTO-TAG-024.webp","Lockout tags","Two-part perforated tags, Do not operate","Polyester, 7.5 × 4 in.","Pack of 25"
"LOTO-TAG-023","LOTO-TAG-023.webp","Lockout tags","Two-part perforated tags, Locked out","Cardstock, 7.5 × 4 in.","Pack of 25"
"LOTO-TAG-022","LOTO-TAG-022.webp","Lockout tags","Two-part perforated tags, Locked out","Polyester, 7.5 × 4 in.","Pack of 25"
"LOTO-TAG-016","LOTO-TAG-016.webp","Lockout tags","Custom-legend lockout tags, Do not operate","5.75 × 3 in.","Pack of 25"
"LOTO-TAG-015","LOTO-TAG-015.webp","Lockout tags","Custom-legend lockout tags, Equipment locked out","5.75 × 3 in.","Pack of 25"
"LOTO-TAG-011","LOTO-TAG-011.webp","Lockout tags","Specialty lockout tags & ties, Language tag set A","Cardstock","Pack of 25"
"LOTO-TAG-010","LOTO-TAG-010.webp","Lockout tags","Specialty lockout tags & ties, Language tag set A","Economy polyester","Pack of 25"
"LOTO-TAG-009","LOTO-TAG-009.webp","Lockout tags","Specialty lockout tags & ties, Language tag set A","Heavy-duty polyester","Pack of 25"
"LOTO-TAG-014","LOTO-TAG-014.webp","Lockout tags","Specialty lockout tags & ties, Language tag set B","Cardstock","Pack of 25"
"LOTO-TAG-013","LOTO-TAG-013.webp","Lockout tags","Specialty lockout tags & ties, Language tag set B","Economy polyester","Pack of 25"
"LOTO-TAG-012","LOTO-TAG-012.webp","Lockout tags","Specialty lockout tags & ties, Language tag set B","Heavy-duty polyester","Pack of 25"
"LOTO-TAG-005","LOTO-TAG-005.webp","Lockout tags","Specialty lockout tags & ties, Metal-detectable ties, 7 in.","Standard","Pack of 10"
"LOTO-TAG-006","LOTO-TAG-006.webp","Lockout tags","Specialty lockout tags & ties, Metal-detectable ties, 7 in.","Standard","Pack of 100"
"LOTO-TAG-002","LOTO-TAG-002.webp","Lockout tags","Specialty lockout tags & ties, Roll style 1","Standard","Roll of 100"
"LOTO-TAG-001","LOTO-TAG-001.webp","Lockout tags","Specialty lockout tags & ties, Roll style 1","Standard","Roll of 250"
"LOTO-TAG-004","LOTO-TAG-004.webp","Lockout tags","Specialty lockout tags & ties, Roll style 2","Standard","Roll of 100"
"LOTO-TAG-003","LOTO-TAG-003.webp","Lockout tags","Specialty lockout tags & ties, Roll style 2","Standard","Roll of 250"
"LOTO-TAG-007","LOTO-TAG-007.webp","Lockout tags","Specialty lockout tags & ties, Tag style 1","Economy polyester","Pack of 25"
"LOTO-TAG-008","LOTO-TAG-008.webp","Lockout tags","Specialty lockout tags & ties, Tag style 1","Heavy-duty polyester","Pack of 25"
"LOTO-TAG-198","LOTO-TAG-198.webp","Lockout tags","Specialty lockout tags & ties, Washdown tag, style 1","Standard","Pack of 10"
"LOTO-TAG-199","LOTO-TAG-199.webp","Lockout tags","Specialty lockout tags & ties, Washdown tag, style 2","Standard","Pack of 10"
"LOTO-TAG-200","LOTO-TAG-200.webp","Lockout tags","Specialty lockout tags & ties, Washdown tag, style 3","Standard","Pack of 10"
"LOTO-TAG-201","LOTO-TAG-201.webp","Lockout tags","Specialty lockout tags & ties, Washdown tag, style 4","Standard","Pack of 10"