"ID","Category","Product type","Design / colour","Size / option","Edition / pack","List price VND","USD (÷26,000)","Basis","Confirmed price VND (fill in)"
"LOTO-PAD-014","Lockout padlocks","Safety padlock, nylon body, steel shackle","Red","Standard","Keyed different · pack of 6","1104000","42.46","Median of GS PJRS-KD, GS PJLS-KD × 1 × 6 pcs × bulk 0.92",""
"LOTO-PAD-015","Lockout padlocks","Safety padlock, nylon body, steel shackle","Red","Standard","Keyed alike · pack of 6","1104000","42.46","Median of GS PJRS-KD, GS PJLS-KD × 1 × 6 pcs × bulk 0.92",""
"LOTO-PAD-016","Lockout padlocks","Safety padlock, nylon body, steel shackle","Red","Standard","Keyed different · pack of 12","2040000","78.46","Median of GS PJRS-KD, GS PJLS-KD × 1 × 12 pcs × bulk 0.85",""
"LOTO-PAD-017","Lockout padlocks","Safety padlock, nylon body, steel shackle","Red","Standard","Keyed alike · pack of 12","2040000","78.46","Median of GS PJRS-KD, GS PJLS-KD × 1 × 12 pcs × bulk 0.85",""
"LOTO-PAD-018","Lockout padlocks","Safety padlock, nylon body, steel shackle","Red","Standard","Keyed different · pack of 24","4080000","156.92","Median of GS PJRS-KD, GS PJLS-KD × 1 × 24 pcs × bulk 0.85",""
"LOTO-PAD-019","Lockout padlocks","Safety padlock, nylon body, steel shackle","Red","Standard","Keyed alike · pack of 24","4080000","156.92","Median of GS PJRS-KD, GS PJLS-KD × 1 × 24 pcs × bulk 0.85",""
"LOTO-PAD-029","Lockout padlocks","Safety padlock, nylon body, steel shackle","Yellow","Standard","Keyed different · single","200000","7.69","Median of GS PJRS-KD, GS PJLS-KD × 1",""
"LOTO-PAD-030","Lockout padlocks","Safety padlock, nylon body, steel shackle","Yellow","Standard","Keyed different · pack of 6","1104000","42.46","Median of GS PJRS-KD, GS PJLS-KD × 1 × 6 pcs × bulk 0.92",""
"LOTO-PAD-031","Lockout padlocks","Safety padlock, nylon body, steel shackle","Yellow","Standard","Keyed alike · pack of 6","1104000","42.46","Median of GS PJRS-KD, GS PJLS-KD × 1 × 6 pcs × bulk 0.92",""
"LOTO-PAD-020","Lockout padlocks","Safety padlock, nylon body, steel shackle","Green","Standard","Keyed different · single","200000","7.69","Median of GS PJRS-KD, GS PJLS-KD × 1",""
"LOTO-PAD-021","Lockout padlocks","Safety padlock, nylon body, steel shackle","Green","Standard","Keyed different · pack of 6","1104000","42.46","Median of GS PJRS-KD, GS PJLS-KD × 1 × 6 pcs × bulk 0.92",""
"LOTO-PAD-022","Lockout padlocks","Safety padlock, nylon body, steel shackle","Green","Standard","Keyed alike · pack of 6","1104000","42.46","Median of GS PJRS-KD, GS PJLS-KD × 1 × 6 pcs × bulk 0.92",""
"LOTO-PAD-026","Lockout padlocks","Safety padlock, nylon body, steel shackle","Blue","Standard","Keyed different · single","200000","7.69","Median of GS PJRS-KD, GS PJLS-KD × 1",""
"LOTO-PAD-027","Lockout padlocks","Safety padlock, nylon body, steel shackle","Blue","Standard","Keyed different · pack of 6","1104000","42.46","Median of GS PJRS-KD, GS PJLS-KD × 1 × 6 pcs × bulk 0.92",""
"LOTO-PAD-028","Lockout padlocks","Safety padlock, nylon body, steel shackle","Blue","Standard","Keyed alike · pack of 6","1104000","42.46","Median of GS PJRS-KD, GS PJLS-KD × 1 × 6 pcs × bulk 0.92",""
"LOTO-PAD-023","Lockout padlocks","Safety padlock, nylon body, steel shackle","Orange","Standard","Keyed different · single","200000","7.69","Median of GS PJRS-KD, GS PJLS-KD × 1",""
"LOTO-PAD-024","Lockout padlocks","Safety padlock, nylon body, steel shackle","Orange","Standard","Keyed different · pack of 6","1104000","42.46","Median of GS PJRS-KD, GS PJLS-KD × 1 × 6 pcs × bulk 0.92",""
"LOTO-PAD-025","Lockout padlocks","Safety padlock, nylon body, steel shackle","Orange","Standard","Keyed alike · pack of 6","1104000","42.46","Median of GS PJRS-KD, GS PJLS-KD × 1 × 6 pcs × bulk 0.92",""
"LOTO-PAD-032","Lockout padlocks","Safety padlock, nylon body, steel shackle","Black","Standard","Keyed different · single","200000","7.69","Median of GS PJRS-KD, GS PJLS-KD × 1",""
"LOTO-PAD-033","Lockout padlocks","Safety padlock, nylon body, steel shackle","Black","Standard","Keyed alike · pack of 6","1104000","42.46","Median of GS PJRS-KD, GS PJLS-KD × 1 × 6 pcs × bulk 0.92",""
"LOTO-PAD-034","Lockout padlocks","Safety padlock, nylon body, steel shackle","White","Standard","Keyed different · single","200000","7.69","Median of GS PJRS-KD, GS PJLS-KD × 1",""
"LOTO-PAD-035","Lockout padlocks","Safety padlock, nylon body, steel shackle","White","Standard","Keyed alike · pack of 6","1104000","42.46","Median of GS PJRS-KD, GS PJLS-KD × 1 × 6 pcs × bulk 0.92",""
"LOTO-PAD-036","Lockout padlocks","Safety padlock, nylon body, steel shackle","Brown","Standard","Keyed different · single","200000","7.69","Median of GS PJRS-KD, GS PJLS-KD × 1",""
"LOTO-PAD-037","Lockout padlocks","Safety padlock, nylon body, steel shackle","Brown","Standard","Keyed alike · pack of 6","1104000","42.46","Median of GS PJRS-KD, GS PJLS-KD × 1 × 6 pcs × bulk 0.92",""
"LOTO-PAD-038","Lockout padlocks","Safety padlock, nylon body, steel shackle","Purple","Standard","Keyed different · single","200000","7.69","Median of GS PJRS-KD, GS PJLS-KD × 1",""
"LOTO-PAD-039","Lockout padlocks","Safety padlock, nylon body, steel shackle","Purple","Standard","Keyed alike · pack of 6","1104000","42.46","Median of GS PJRS-KD, GS PJLS-KD × 1 × 6 pcs × bulk 0.92",""
"V-NPL-KD","Lockout padlocks","Safety padlock, nylon body, non-conductive shackle","Red","Standard","Keyed different · single","211000","8.12","Price list 28 (USD, assumed) × 7547 VND (median Odoo ÷ list ratio)",""
"LOTO-PAD-040","Lockout padlocks","Safety padlock, nylon body, non-conductive shackle","Red","Standard","Keyed different · pack of 6","1270000","48.85","Median of GS PJRS-KD, GS PJLS-KD × 1.15 × 6 pcs × bulk 0.92",""
"LOTO-PAD-041","Lockout padlocks","Safety padlock, nylon body, non-conductive shackle","Red","Standard","Keyed alike · pack of 6","1270000","48.85","Median of GS PJRS-KD, GS PJLS-KD × 1.15 × 6 pcs × bulk 0.92",""
"LOTO-PAD-042","Lockout padlocks","Safety padlock, nylon body, non-conductive shackle","Red","Standard","Keyed different · pack of 12","2346000","90.23","Median of GS PJRS-KD, GS PJLS-KD × 1.15 × 12 pcs × bulk 0.85",""
"LOTO-PAD-043","Lockout padlocks","Safety padlock, nylon body, non-conductive shackle","Red","Standard","Keyed alike · pack of 12","2346000","90.23","Median of GS PJRS-KD, GS PJLS-KD × 1.15 × 12 pcs × bulk 0.85",""
"LOTO-PAD-044","Lockout padlocks","Safety padlock, nylon body, non-conductive shackle","Red","Standard","Keyed different · pack of 24","4692000","180.46","Median of GS PJRS-KD, GS PJLS-KD × 1.15 × 24 pcs × bulk 0.85",""
"LOTO-PAD-045","Lockout padlocks","Safety padlock, nylon body, non-conductive shackle","Red","Standard","Keyed alike · pack of 24","4692000","180.46","Median of GS PJRS-KD, GS PJLS-KD × 1.15 × 24 pcs × bulk 0.85",""
"LOTO-PAD-055","Lockout padlocks","Safety padlock, nylon body, non-conductive shackle","Yellow","Standard","Keyed different · single","230000","8.85","Median of GS PJRS-KD, GS PJLS-KD × 1.15",""
"LOTO-PAD-056","Lockout padlocks","Safety padlock, nylon body, non-conductive shackle","Yellow","Standard","Keyed different · pack of 6","1270000","48.85","Median of GS PJRS-KD, GS PJLS-KD × 1.15 × 6 pcs × bulk 0.92",""
"LOTO-PAD-057","Lockout padlocks","Safety padlock, nylon body, non-conductive shackle","Yellow","Standard","Keyed alike · pack of 6","1270000","48.85","Median of GS PJRS-KD, GS PJLS-KD × 1.15 × 6 pcs × bulk 0.92",""
"LOTO-PAD-046","Lockout padlocks","Safety padlock, nylon body, non-conductive shackle","Green","Standard","Keyed different · single","230000","8.85","Median of GS PJRS-KD, GS PJLS-KD × 1.15",""
"LOTO-PAD-047","Lockout padlocks","Safety padlock, nylon body, non-conductive shackle","Green","Standard","Keyed different · pack of 6","1270000","48.85","Median of GS PJRS-KD, GS PJLS-KD × 1.15 × 6 pcs × bulk 0.92",""
"LOTO-PAD-048","Lockout padlocks","Safety padlock, nylon body, non-conductive shackle","Green","Standard","Keyed alike · pack of 6","1270000","48.85","Median of GS PJRS-KD, GS PJLS-KD × 1.15 × 6 pcs × bulk 0.92",""
"LOTO-PAD-052","Lockout padlocks","Safety padlock, nylon body, non-conductive shackle","Blue","Standard","Keyed different · single","230000","8.85","Median of GS PJRS-KD, GS PJLS-KD × 1.15",""
"LOTO-PAD-053","Lockout padlocks","Safety padlock, nylon body, non-conductive shackle","Blue","Standard","Keyed different · pack of 6","1270000","48.85","Median of GS PJRS-KD, GS PJLS-KD × 1.15 × 6 pcs × bulk 0.92",""
"LOTO-PAD-054","Lockout padlocks","Safety padlock, nylon body, non-conductive shackle","Blue","Standard","Keyed alike · pack of 6","1270000","48.85","Median of GS PJRS-KD, GS PJLS-KD × 1.15 × 6 pcs × bulk 0.92",""
"LOTO-PAD-049","Lockout padlocks","Safety padlock, nylon body, non-conductive shackle","Orange","Standard","Keyed different · single","230000","8.85","Median of GS PJRS-KD, GS PJLS-KD × 1.15",""
"LOTO-PAD-050","Lockout padlocks","Safety padlock, nylon body, non-conductive shackle","Orange","Standard","Keyed different · pack of 6","1270000","48.85","Median of GS PJRS-KD, GS PJLS-KD × 1.15 × 6 pcs × bulk 0.92",""
"LOTO-PAD-051","Lockout padlocks","Safety padlock, nylon body, non-conductive shackle","Orange","Standard","Keyed alike · pack of 6","1270000","48.85","Median of GS PJRS-KD, GS PJLS-KD × 1.15 × 6 pcs × bulk 0.92",""
"LOTO-PAD-058","Lockout padlocks","Safety padlock, nylon body, non-conductive shackle","Black","Standard","Keyed different · single","230000","8.85","Median of GS PJRS-KD, GS PJLS-KD × 1.15",""
"LOTO-PAD-059","Lockout padlocks","Safety padlock, nylon body, non-conductive shackle","Black","Standard","Keyed alike · pack of 6","1270000","48.85","Median of GS PJRS-KD, GS PJLS-KD × 1.15 × 6 pcs × bulk 0.92",""
"LOTO-PAD-060","Lockout padlocks","Safety padlock, nylon body, non-conductive shackle","White","Standard","Keyed different · single","230000","8.85","Median of GS PJRS-KD, GS PJLS-KD × 1.15",""
"LOTO-PAD-061","Lockout padlocks","Safety padlock, nylon body, non-conductive shackle","White","Standard","Keyed alike · pack of 6","1270000","48.85","Median of GS PJRS-KD, GS PJLS-KD × 1.15 × 6 pcs × bulk 0.92",""
"LOTO-PAD-062","Lockout padlocks","Safety padlock, nylon body, non-conductive shackle","Brown","Standard","Keyed different · single","230000","8.85","Median of GS PJRS-KD, GS PJLS-KD × 1.15",""
"LOTO-PAD-063","Lockout padlocks","Safety padlock, nylon body, non-conductive shackle","Brown","Standard","Keyed alike · pack of 6","1270000","48.85","Median of GS PJRS-KD, GS PJLS-KD × 1.15 × 6 pcs × bulk 0.92",""
"LOTO-PAD-064","Lockout padlocks","Safety padlock, nylon body, non-conductive shackle","Purple","Standard","Keyed different · single","230000","8.85","Median of GS PJRS-KD, GS PJLS-KD × 1.15",""
"LOTO-PAD-065","Lockout padlocks","Safety padlock, nylon body, non-conductive shackle","Purple","Standard","Keyed alike · pack of 6","1270000","48.85","Median of GS PJRS-KD, GS PJLS-KD × 1.15 × 6 pcs × bulk 0.92",""
"LOTO-PAD-066","Lockout padlocks","Safety padlock, aluminium body","Red","38 mm steel shackle","Keyed different · single","250000","9.62","Median of GS PJRS-KD, GS PJLS-KD × 1.25",""
"LOTO-PAD-067","Lockout padlocks","Safety padlock, aluminium body","Red","38 mm steel shackle","Keyed different · pack of 6","1380000","53.08","Median of GS PJRS-KD, GS PJLS-KD × 1.25 × 6 pcs × bulk 0.92",""
"LOTO-PAD-068","Lockout padlocks","Safety padlock, aluminium body","Red","38 mm steel shackle","Keyed alike · pack of 6","1380000","53.08","Median of GS PJRS-KD, GS PJLS-KD × 1.25 × 6 pcs × bulk 0.92",""
"LOTO-PAD-069","Lockout padlocks","Safety padlock, aluminium body","Red","38 mm steel shackle","Keyed different · pack of 12","2550000","98.08","Median of GS PJRS-KD, GS PJLS-KD × 1.25 × 12 pcs × bulk 0.85",""
"LOTO-PAD-070","Lockout padlocks","Safety padlock, aluminium body","Red","38 mm steel shackle","Keyed alike · pack of 12","2550000","98.08","Median of GS PJRS-KD, GS PJLS-KD × 1.25 × 12 pcs × bulk 0.85",""
"LOTO-PAD-071","Lockout padlocks","Safety padlock, aluminium body","Red","38 mm steel shackle","Keyed different · pack of 24","5100000","196.15","Median of GS PJRS-KD, GS PJLS-KD × 1.25 × 24 pcs × bulk 0.85",""
"LOTO-PAD-072","Lockout padlocks","Safety padlock, aluminium body","Red","38 mm steel shackle","Keyed alike · pack of 24","5100000","196.15","Median of GS PJRS-KD, GS PJLS-KD × 1.25 × 24 pcs × bulk 0.85",""
"LOTO-PAD-093","Lockout padlocks","Safety padlock, aluminium body","Red","76 mm steel shackle","Keyed different · single","250000","9.62","Median of GS PJRS-KD, GS PJLS-KD × 1.25",""
"LOTO-PAD-082","Lockout padlocks","Safety padlock, aluminium body","Yellow","38 mm steel shackle","Keyed different · single","250000","9.62","Median of GS PJRS-KD, GS PJLS-KD × 1.25",""
"LOTO-PAD-083","Lockout padlocks","Safety padlock, aluminium body","Yellow","38 mm steel shackle","Keyed different · pack of 6","1380000","53.08","Median of GS PJRS-KD, GS PJLS-KD × 1.25 × 6 pcs × bulk 0.92",""
"LOTO-PAD-084","Lockout padlocks","Safety padlock, aluminium body","Yellow","38 mm steel shackle","Keyed alike · pack of 6","1380000","53.08","Median of GS PJRS-KD, GS PJLS-KD × 1.25 × 6 pcs × bulk 0.92",""
"LOTO-PAD-097","Lockout padlocks","Safety padlock, aluminium body","Yellow","76 mm steel shackle","Keyed different · single","250000","9.62","Median of GS PJRS-KD, GS PJLS-KD × 1.25",""
"LOTO-PAD-073","Lockout padlocks","Safety padlock, aluminium body","Green","38 mm steel shackle","Keyed different · single","250000","9.62","Median of GS PJRS-KD, GS PJLS-KD × 1.25",""
"LOTO-PAD-074","Lockout padlocks","Safety padlock, aluminium body","Green","38 mm steel shackle","Keyed different · pack of 6","1380000","53.08","Median of GS PJRS-KD, GS PJLS-KD × 1.25 × 6 pcs × bulk 0.92",""
"LOTO-PAD-075","Lockout padlocks","Safety padlock, aluminium body","Green","38 mm steel shackle","Keyed alike · pack of 6","1380000","53.08","Median of GS PJRS-KD, GS PJLS-KD × 1.25 × 6 pcs × bulk 0.92",""
"LOTO-PAD-094","Lockout padlocks","Safety padlock, aluminium body","Green","76 mm steel shackle","Keyed different · single","250000","9.62","Median of GS PJRS-KD, GS PJLS-KD × 1.25",""
"LOTO-PAD-079","Lockout padlocks","Safety padlock, aluminium body","Blue","38 mm steel shackle","Keyed different · single","250000","9.62","Median of GS PJRS-KD, GS PJLS-KD × 1.25",""
"LOTO-PAD-080","Lockout padlocks","Safety padlock, aluminium body","Blue","38 mm steel shackle","Keyed different · pack of 6","1380000","53.08","Median of GS PJRS-KD, GS PJLS-KD × 1.25 × 6 pcs × bulk 0.92",""
"LOTO-PAD-081","Lockout padlocks","Safety padlock, aluminium body","Blue","38 mm steel shackle","Keyed alike · pack of 6","1380000","53.08","Median of GS PJRS-KD, GS PJLS-KD × 1.25 × 6 pcs × bulk 0.92",""
"LOTO-PAD-096","Lockout padlocks","Safety padlock, aluminium body","Blue","76 mm steel shackle","Keyed different · single","250000","9.62","Median of GS PJRS-KD, GS PJLS-KD × 1.25",""
"LOTO-PAD-076","Lockout padlocks","Safety padlock, aluminium body","Orange","38 mm steel shackle","Keyed different · single","250000","9.62","Median of GS PJRS-KD, GS PJLS-KD × 1.25",""
"LOTO-PAD-077","Lockout padlocks","Safety padlock, aluminium body","Orange","38 mm steel shackle","Keyed different · pack of 6","1380000","53.08","Median of GS PJRS-KD, GS PJLS-KD × 1.25 × 6 pcs × bulk 0.92",""
"LOTO-PAD-078","Lockout padlocks","Safety padlock, aluminium body","Orange","38 mm steel shackle","Keyed alike · pack of 6","1380000","53.08","Median of GS PJRS-KD, GS PJLS-KD × 1.25 × 6 pcs × bulk 0.92",""
"LOTO-PAD-095","Lockout padlocks","Safety padlock, aluminium body","Orange","76 mm steel shackle","Keyed different · single","250000","9.62","Median of GS PJRS-KD, GS PJLS-KD × 1.25",""
"LOTO-PAD-085","Lockout padlocks","Safety padlock, aluminium body","Black","38 mm steel shackle","Keyed different · single","250000","9.62","Median of GS PJRS-KD, GS PJLS-KD × 1.25",""
"LOTO-PAD-086","Lockout padlocks","Safety padlock, aluminium body","Black","38 mm steel shackle","Keyed alike · pack of 6","1380000","53.08","Median of GS PJRS-KD, GS PJLS-KD × 1.25 × 6 pcs × bulk 0.92",""
"LOTO-PAD-098","Lockout padlocks","Safety padlock, aluminium body","Black","76 mm steel shackle","Keyed different · single","250000","9.62","Median of GS PJRS-KD, GS PJLS-KD × 1.25",""
"LOTO-PAD-087","Lockout padlocks","Safety padlock, aluminium body","White","38 mm steel shackle","Keyed different · single","250000","9.62","Median of GS PJRS-KD, GS PJLS-KD × 1.25",""
"LOTO-PAD-088","Lockout padlocks","Safety padlock, aluminium body","White","38 mm steel shackle","Keyed alike · pack of 6","1380000","53.08","Median of GS PJRS-KD, GS PJLS-KD × 1.25 × 6 pcs × bulk 0.92",""
"LOTO-PAD-099","Lockout padlocks","Safety padlock, aluminium body","White","76 mm steel shackle","Keyed different · single","250000","9.62","Median of GS PJRS-KD, GS PJLS-KD × 1.25",""
"LOTO-PAD-089","Lockout padlocks","Safety padlock, aluminium body","Brown","38 mm steel shackle","Keyed different · single","250000","9.62","Median of GS PJRS-KD, GS PJLS-KD × 1.25",""
"LOTO-PAD-090","Lockout padlocks","Safety padlock, aluminium body","Brown","38 mm steel shackle","Keyed alike · pack of 6","1380000","53.08","Median of GS PJRS-KD, GS PJLS-KD × 1.25 × 6 pcs × bulk 0.92",""
"LOTO-PAD-100","Lockout padlocks","Safety padlock, aluminium body","Brown","76 mm steel shackle","Keyed different · single","250000","9.62","Median of GS PJRS-KD, GS PJLS-KD × 1.25",""
"LOTO-PAD-091","Lockout padlocks","Safety padlock, aluminium body","Purple","38 mm steel shackle","Keyed different · single","250000","9.62","Median of GS PJRS-KD, GS PJLS-KD × 1.25",""
"LOTO-PAD-092","Lockout padlocks","Safety padlock, aluminium body","Purple","38 mm steel shackle","Keyed alike · pack of 6","1380000","53.08","Median of GS PJRS-KD, GS PJLS-KD × 1.25 × 6 pcs × bulk 0.92",""
"LOTO-PAD-101","Lockout padlocks","Safety padlock, aluminium body","Purple","76 mm steel shackle","Keyed different · single","250000","9.62","Median of GS PJRS-KD, GS PJLS-KD × 1.25",""
"LOTO-PAD-102","Lockout padlocks","Compact safety padlock, nylon body","Red","25 mm aluminium shackle","Keyed different · single","180000","6.92","Median of GS PJRS-KD, GS PJLS-KD × 0.9",""
"LOTO-PAD-103","Lockout padlocks","Compact safety padlock, nylon body","Red","25 mm aluminium shackle","Keyed alike · pack of 6","994000","38.23","Median of GS PJRS-KD, GS PJLS-KD × 0.9 × 6 pcs × bulk 0.92",""
"LOTO-PAD-120","Lockout padlocks","Compact safety padlock, nylon body","Red","200 mm cable shackle","Keyed different · single","180000","6.92","Median of GS PJRS-KD, GS PJLS-KD × 0.9",""
"LOTO-PAD-121","Lockout padlocks","Compact safety padlock, nylon body","Red","200 mm cable shackle","Keyed alike · pack of 6","994000","38.23","Median of GS PJRS-KD, GS PJLS-KD × 0.9 × 6 pcs × bulk 0.92",""
"LOTO-PAD-133","Lockout padlocks","Compact safety padlock, nylon body","Red","400 mm cable shackle","Keyed different · single","180000","6.92","Median of GS PJRS-KD, GS PJLS-KD × 0.9",""
"LOTO-PAD-134","Lockout padlocks","Compact safety padlock, nylon body","Red","400 mm cable shackle","Keyed alike · pack of 6","994000","38.23","Median of GS PJRS-KD, GS PJLS-KD × 0.9 × 6 pcs × bulk 0.92",""
"LOTO-PAD-110","Lockout padlocks","Compact safety padlock, nylon body","Yellow","25 mm aluminium shackle","Keyed different · single","180000","6.92","Median of GS PJRS-KD, GS PJLS-KD × 0.9",""
"LOTO-PAD-111","Lockout padlocks","Compact safety padlock, nylon body","Yellow","25 mm aluminium shackle","Keyed alike · pack of 6","994000","38.23","Median of GS PJRS-KD, GS PJLS-KD × 0.9 × 6 pcs × bulk 0.92",""
"LOTO-PAD-127","Lockout padlocks","Compact safety padlock, nylon body","Yellow","200 mm cable shackle","Keyed different · single","180000","6.92","Median of GS PJRS-KD, GS PJLS-KD × 0.9",""
"LOTO-PAD-128","Lockout padlocks","Compact safety padlock, nylon body","Yellow","200 mm cable shackle","Keyed alike · pack of 6","994000","38.23","Median of GS PJRS-KD, GS PJLS-KD × 0.9 × 6 pcs × bulk 0.92",""
"LOTO-PAD-140","Lockout padlocks","Compact safety padlock, nylon body","Yellow","400 mm cable shackle","Keyed different · single","180000","6.92","Median of GS PJRS-KD, GS PJLS-KD × 0.9",""
"LOTO-PAD-141","Lockout padlocks","Compact safety padlock, nylon body","Yellow","400 mm cable shackle","Keyed alike · pack of 6","994000","38.23","Median of GS PJRS-KD, GS PJLS-KD × 0.9 × 6 pcs × bulk 0.92",""
"LOTO-PAD-104","Lockout padlocks","Compact safety padlock, nylon body","Green","25 mm aluminium shackle","Keyed different · single","180000","6.92","Median of GS PJRS-KD, GS PJLS-KD × 0.9",""
"LOTO-PAD-105","Lockout padlocks","Compact safety padlock, nylon body","Green","25 mm aluminium shackle","Keyed alike · pack of 6","994000","38.23","Median of GS PJRS-KD, GS PJLS-KD × 0.9 × 6 pcs × bulk 0.92",""
"LOTO-PAD-122","Lockout padlocks","Compact safety padlock, nylon body","Green","200 mm cable shackle","Keyed different · single","180000","6.92","Median of GS PJRS-KD, GS PJLS-KD × 0.9",""
"LOTO-PAD-123","Lockout padlocks","Compact safety padlock, nylon body","Green","200 mm cable shackle","Keyed alike · pack of 6","994000","38.23","Median of GS PJRS-KD, GS PJLS-KD × 0.9 × 6 pcs × bulk 0.92",""
"LOTO-PAD-135","Lockout padlocks","Compact safety padlock, nylon body","Green","400 mm cable shackle","Keyed different · single","180000","6.92","Median of GS PJRS-KD, GS PJLS-KD × 0.9",""
"LOTO-PAD-136","Lockout padlocks","Compact safety padlock, nylon body","Green","400 mm cable shackle","Keyed alike · pack of 6","994000","38.23","Median of GS PJRS-KD, GS PJLS-KD × 0.9 × 6 pcs × bulk 0.92",""
"LOTO-PAD-108","Lockout padlocks","Compact safety padlock, nylon body","Blue","25 mm aluminium shackle","Keyed different · single","180000","6.92","Median of GS PJRS-KD, GS PJLS-KD × 0.9",""
"LOTO-PAD-109","Lockout padlocks","Compact safety padlock, nylon body","Blue","25 mm aluminium shackle","Keyed alike · pack of 6","994000","38.23","Median of GS PJRS-KD, GS PJLS-KD × 0.9 × 6 pcs × bulk 0.92",""
"LOTO-PAD-125","Lockout padlocks","Compact safety padlock, nylon body","Blue","200 mm cable shackle","Keyed different · single","180000","6.92","Median of GS PJRS-KD, GS PJLS-KD × 0.9",""
"LOTO-PAD-126","Lockout padlocks","Compact safety padlock, nylon body","Blue","200 mm cable shackle","Keyed alike · pack of 6","994000","38.23","Median of GS PJRS-KD, GS PJLS-KD × 0.9 × 6 pcs × bulk 0.92",""
"LOTO-PAD-138","Lockout padlocks","Compact safety padlock, nylon body","Blue","400 mm cable shackle","Keyed different · single","180000","6.92","Median of GS PJRS-KD, GS PJLS-KD × 0.9",""
"LOTO-PAD-139","Lockout padlocks","Compact safety padlock, nylon body","Blue","400 mm cable shackle","Keyed alike · pack of 6","994000","38.23","Median of GS PJRS-KD, GS PJLS-KD × 0.9 × 6 pcs × bulk 0.92",""
"LOTO-PAD-106","Lockout padlocks","Compact safety padlock, nylon body","Orange","25 mm aluminium shackle","Keyed different · single","180000","6.92","Median of GS PJRS-KD, GS PJLS-KD × 0.9",""
"LOTO-PAD-107","Lockout padlocks","Compact safety padlock, nylon body","Orange","25 mm aluminium shackle","Keyed alike · pack of 6","994000","38.23","Median of GS PJRS-KD, GS PJLS-KD × 0.9 × 6 pcs × bulk 0.92",""
"LOTO-PAD-124","Lockout padlocks","Compact safety padlock, nylon body","Orange","200 mm cable shackle","Keyed different · single","180000","6.92","Median of GS PJRS-KD, GS PJLS-KD × 0.9",""
"LOTO-PAD-137","Lockout padlocks","Compact safety padlock, nylon body","Orange","400 mm cable shackle","Keyed different · single","180000","6.92","Median of GS PJRS-KD, GS PJLS-KD × 0.9",""
"LOTO-PAD-112","Lockout padlocks","Compact safety padlock, nylon body","Black","25 mm aluminium shackle","Keyed different · single","180000","6.92","Median of GS PJRS-KD, GS PJLS-KD × 0.9",""
"LOTO-PAD-113","Lockout padlocks","Compact safety padlock, nylon body","Black","25 mm aluminium shackle","Keyed alike · pack of 6","994000","38.23","Median of GS PJRS-KD, GS PJLS-KD × 0.9 × 6 pcs × bulk 0.92",""
"LOTO-PAD-129","Lockout padlocks","Compact safety padlock, nylon body","Black","200 mm cable shackle","Keyed different · single","180000","6.92","Median of GS PJRS-KD, GS PJLS-KD × 0.9",""
"LOTO-PAD-142","Lockout padlocks","Compact safety padlock, nylon body","Black","400 mm cable shackle","Keyed different · single","180000","6.92","Median of GS PJRS-KD, GS PJLS-KD × 0.9",""
"LOTO-PAD-114","Lockout padlocks","Compact safety padlock, nylon body","White","25 mm aluminium shackle","Keyed different · single","180000","6.92","Median of GS PJRS-KD, GS PJLS-KD × 0.9",""
"LOTO-PAD-115","Lockout padlocks","Compact safety padlock, nylon body","White","25 mm aluminium shackle","Keyed alike · pack of 6","994000","38.23","Median of GS PJRS-KD, GS PJLS-KD × 0.9 × 6 pcs × bulk 0.92",""
"LOTO-PAD-130","Lockout padlocks","Compact safety padlock, nylon body","White","200 mm cable shackle","Keyed different · single","180000","6.92","Median of GS PJRS-KD, GS PJLS-KD × 0.9",""
"LOTO-PAD-143","Lockout padlocks","Compact safety padlock, nylon body","White","400 mm cable shackle","Keyed different · single","180000","6.92","Median of GS PJRS-KD, GS PJLS-KD × 0.9",""
"LOTO-PAD-116","Lockout padlocks","Compact safety padlock, nylon body","Brown","25 mm aluminium shackle","Keyed different · single","180000","6.92","Median of GS PJRS-KD, GS PJLS-KD × 0.9",""
"LOTO-PAD-117","Lockout padlocks","Compact safety padlock, nylon body","Brown","25 mm aluminium shackle","Keyed alike · pack of 6","994000","38.23","Median of GS PJRS-KD, GS PJLS-KD × 0.9 × 6 pcs × bulk 0.92",""
"LOTO-PAD-131","Lockout padlocks","Compact safety padlock, nylon body","Brown","200 mm cable shackle","Keyed different · single","180000","6.92","Median of GS PJRS-KD, GS PJLS-KD × 0.9",""
"LOTO-PAD-144","Lockout padlocks","Compact safety padlock, nylon body","Brown","400 mm cable shackle","Keyed different · single","180000","6.92","Median of GS PJRS-KD, GS PJLS-KD × 0.9",""
"LOTO-PAD-118","Lockout padlocks","Compact safety padlock, nylon body","Purple","25 mm aluminium shackle","Keyed different · single","180000","6.92","Median of GS PJRS-KD, GS PJLS-KD × 0.9",""
"LOTO-PAD-119","Lockout padlocks","Compact safety padlock, nylon body","Purple","25 mm aluminium shackle","Keyed alike · pack of 6","994000","38.23","Median of GS PJRS-KD, GS PJLS-KD × 0.9 × 6 pcs × bulk 0.92",""
"LOTO-PAD-132","Lockout padlocks","Compact safety padlock, nylon body","Purple","200 mm cable shackle","Keyed different · single","180000","6.92","Median of GS PJRS-KD, GS PJLS-KD × 0.9",""
"LOTO-PAD-145","Lockout padlocks","Compact safety padlock, nylon body","Purple","400 mm cable shackle","Keyed different · single","180000","6.92","Median of GS PJRS-KD, GS PJLS-KD × 0.9",""
"LOTO-PAD-146","Lockout padlocks","Compact safety padlock, aluminium body","Red","Standard","Keyed different · single","220000","8.46","Median of GS PJRS-KD, GS PJLS-KD × 1.1",""
"LOTO-PAD-147","Lockout padlocks","Compact safety padlock, aluminium body","Red","Standard","Keyed alike · pack of 6","1214000","46.69","Median of GS PJRS-KD, GS PJLS-KD × 1.1 × 6 pcs × bulk 0.92",""
"LOTO-PAD-154","Lockout padlocks","Compact safety padlock, aluminium body","Yellow","Standard","Keyed different · single","220000","8.46","Median of GS PJRS-KD, GS PJLS-KD × 1.1",""
"LOTO-PAD-155","Lockout padlocks","Compact safety padlock, aluminium body","Yellow","Standard","Keyed alike · pack of 6","1214000","46.69","Median of GS PJRS-KD, GS PJLS-KD × 1.1 × 6 pcs × bulk 0.92",""
"LOTO-PAD-148","Lockout padlocks","Compact safety padlock, aluminium body","Green","Standard","Keyed different · single","220000","8.46","Median of GS PJRS-KD, GS PJLS-KD × 1.1",""
"LOTO-PAD-149","Lockout padlocks","Compact safety padlock, aluminium body","Green","Standard","Keyed alike · pack of 6","1214000","46.69","Median of GS PJRS-KD, GS PJLS-KD × 1.1 × 6 pcs × bulk 0.92",""
"LOTO-PAD-152","Lockout padlocks","Compact safety padlock, aluminium body","Blue","Standard","Keyed different · single","220000","8.46","Median of GS PJRS-KD, GS PJLS-KD × 1.1",""
"LOTO-PAD-153","Lockout padlocks","Compact safety padlock, aluminium body","Blue","Standard","Keyed alike · pack of 6","1214000","46.69","Median of GS PJRS-KD, GS PJLS-KD × 1.1 × 6 pcs × bulk 0.92",""
"LOTO-PAD-150","Lockout padlocks","Compact safety padlock, aluminium body","Orange","Standard","Keyed different · single","220000","8.46","Median of GS PJRS-KD, GS PJLS-KD × 1.1",""
"LOTO-PAD-151","Lockout padlocks","Compact safety padlock, aluminium body","Orange","Standard","Keyed alike · pack of 6","1214000","46.69","Median of GS PJRS-KD, GS PJLS-KD × 1.1 × 6 pcs × bulk 0.92",""
"LOTO-PAD-156","Lockout padlocks","Compact safety padlock, aluminium body","Black","Standard","Keyed different · single","220000","8.46","Median of GS PJRS-KD, GS PJLS-KD × 1.1",""
"LOTO-PAD-157","Lockout padlocks","Compact safety padlock, aluminium body","Black","Standard","Keyed alike · pack of 6","1214000","46.69","Median of GS PJRS-KD, GS PJLS-KD × 1.1 × 6 pcs × bulk 0.92",""
"LOTO-PAD-158","Lockout padlocks","Compact safety padlock, aluminium body","White","Standard","Keyed different · single","220000","8.46","Median of GS PJRS-KD, GS PJLS-KD × 1.1",""
"LOTO-PAD-159","Lockout padlocks","Compact safety padlock, aluminium body","White","Standard","Keyed alike · pack of 6","1214000","46.69","Median of GS PJRS-KD, GS PJLS-KD × 1.1 × 6 pcs × bulk 0.92",""
"LOTO-PAD-160","Lockout padlocks","Compact safety padlock, aluminium body","Brown","Standard","Keyed different · single","220000","8.46","Median of GS PJRS-KD, GS PJLS-KD × 1.1",""
"LOTO-PAD-161","Lockout padlocks","Compact safety padlock, aluminium body","Brown","Standard","Keyed alike · pack of 6","1214000","46.69","Median of GS PJRS-KD, GS PJLS-KD × 1.1 × 6 pcs × bulk 0.92",""
"LOTO-PAD-162","Lockout padlocks","Compact safety padlock, aluminium body","Purple","Standard","Keyed different · single","220000","8.46","Median of GS PJRS-KD, GS PJLS-KD × 1.1",""
"LOTO-PAD-163","Lockout padlocks","Compact safety padlock, aluminium body","Purple","Standard","Keyed alike · pack of 6","1214000","46.69","Median of GS PJRS-KD, GS PJLS-KD × 1.1 × 6 pcs × bulk 0.92",""
"V-PLSP-KD","Lockout padlocks","Safety padlock, insulated jacket","Premier, red","Standard","Keyed different · single","185000","7.12","Price list 24.5 (USD, assumed) × 7547 VND (median Odoo ÷ list ratio)",""
"LSP-KD+M","Lockout padlocks","Safety padlock, insulated jacket","Premier, red, master key (1 per 5 locks)","Standard","Keyed different · single","1034000","39.77","Price list 137 (USD, assumed) × 7547 VND (median Odoo ÷ list ratio)",""
"V-PRS-3A","Lockout padlocks","Safety padlock, insulated jacket","Regular, same key","Standard","Keyed alike · pack of 3","347000","13.35","Price list 46 (USD, assumed) × 7547 VND (median Odoo ÷ list ratio)",""
"LOTO-PAD-011","Lockout padlocks","Padlock labels","Blank, write-on","0.625 × 4 in.","Pack of 5","44000","1.69","Median of GS S-TAG, GS S-TAG-7 × 0.6 × 5 pcs × bulk 0.92",""
"LOTO-PAD-013","Lockout padlocks","Padlock labels","Blank, write-on","0.75 × 4.5 in.","Pack of 25","168000","6.46","Median of GS S-TAG, GS S-TAG-7 × 0.6 × 25 pcs × bulk 0.7",""
"LOTO-PAD-012","Lockout padlocks","Padlock labels","Blank, write-on","0.75 × 5 in.","Pack of 40","269000","10.35","Median of GS S-TAG, GS S-TAG-7 × 0.6 × 40 pcs × bulk 0.7",""
"LOTO-PAD-001","Lockout padlocks","Padlock labels","English","0.75 × 4.5 in.","Pack of 6","53000","2.04","Median of GS S-TAG, GS S-TAG-7 × 0.6 × 6 pcs × bulk 0.92",""
"LOTO-PAD-008","Lockout padlocks","Padlock labels","English","0.8 × 1.1 in.","Pack of 6","53000","2.04","Median of GS S-TAG, GS S-TAG-7 × 0.6 × 6 pcs × bulk 0.92",""
"LOTO-PAD-007","Lockout padlocks","Padlock labels","English / French / Spanish","Standard","6 of each language","147000","5.65","Median of GS S-TAG, GS S-TAG-7 × 0.6 × 18 pcs × bulk 0.85",""
"LOTO-PAD-004","Lockout padlocks","Padlock labels","English / French / Spanish","Compact, 0.89 × 1 in.","6 cards","53000","2.04","Median of GS S-TAG, GS S-TAG-7 × 0.6 × 6 pcs × bulk 0.92",""
"LOTO-PAD-005","Lockout padlocks","Padlock labels","English / French / Spanish","Standard, 1.12 × 1 in.","6 cards","53000","2.04","Median of GS S-TAG, GS S-TAG-7 × 0.6 × 6 pcs × bulk 0.92",""
"LOTO-PAD-003","Lockout padlocks","Padlock labels","French","0.75 × 4.5 in.","Pack of 6","53000","2.04","Median of GS S-TAG, GS S-TAG-7 × 0.6 × 6 pcs × bulk 0.92",""
"LOTO-PAD-010","Lockout padlocks","Padlock labels","French","0.8 × 1.1 in.","Pack of 6","53000","2.04","Median of GS S-TAG, GS S-TAG-7 × 0.6 × 6 pcs × bulk 0.92",""
"LOTO-PAD-006","Lockout padlocks","Padlock labels","Overlaminate strips","1 × 6 in.","Pack of 40","269000","10.35","Median of GS S-TAG, GS S-TAG-7 × 0.6 × 40 pcs × bulk 0.7",""
"LOTO-PAD-002","Lockout padlocks","Padlock labels","Spanish","0.75 × 4.5 in.","Pack of 6","53000","2.04","Median of GS S-TAG, GS S-TAG-7 × 0.6 × 6 pcs × bulk 0.92",""
"LOTO-PAD-009","Lockout padlocks","Padlock labels","Spanish","0.8 × 1.1 in.","Pack of 6","53000","2.04","Median of GS S-TAG, GS S-TAG-7 × 0.6 × 6 pcs × bulk 0.92",""
"LOTO-GRP-004","Group lockout","Permit control station","Display case only","Standard","Single","3366000","129.46","Median of GS GLB 13SS, GS GLB-S26 × 1.7",""
"LOTO-GRP-001","Group lockout","Permit control station","With 26-lock group box","Standard","Single","3366000","129.46","Median of GS GLB 13SS, GS GLB-S26 × 1.7",""
"LOTO-GRP-002","Group lockout","Permit control station","With slim 12-lock box","Standard","Single","3366000","129.46","Median of GS GLB 13SS, GS GLB-S26 × 1.7",""
"LOTO-GRP-003","Group lockout","Permit control station","With ultra-compact box","Standard","Single","3366000","129.46","Median of GS GLB 13SS, GS GLB-S26 × 1.7",""
"LOTO-GRP-005","Group lockout","Ultra-compact group lock box","Red","Box only","Single","891000","34.27","Median of GS GLB 13SS, GS GLB-S26 × 0.45",""
"LOTO-GRP-006","Group lockout","Ultra-compact group lock box","Red","With 6 keyed-alike locks","Single","891000","34.27","Median of GS GLB 13SS, GS GLB-S26 × 0.45",""
"LOTO-GRP-007","Group lockout","Ultra-compact group lock box","Red","With 6 keyed-different locks","Single","891000","34.27","Median of GS GLB 13SS, GS GLB-S26 × 0.45",""
"LOTO-GRP-008","Group lockout","Group lockout box (by lock capacity)","Red","26 locks","Single","1980000","76.15","Median of GS GLB 13SS, GS GLB-S26 × 1",""
"LOTO-GRP-009","Group lockout","Group lockout box (by lock capacity)","Yellow","26 locks","Single","1980000","76.15","Median of GS GLB 13SS, GS GLB-S26 × 1",""
"LOTO-GRP-018","Group lockout","Portable metal group lockout box","Red","Large","Single","1782000","68.54","Median of GS GLB 13SS, GS GLB-S26 × 0.9",""
"LOTO-GRP-017","Group lockout","Portable metal group lockout box","Red","Small","Single","1782000","68.54","Median of GS GLB 13SS, GS GLB-S26 × 0.9",""
"LOTO-GRP-014","Group lockout","Portable metal group lockout box","Red","Medium, 6 × 8.9 × 7 in.","English labels","1782000","68.54","Median of GS GLB 13SS, GS GLB-S26 × 0.9",""
"LOTO-GRP-011","Group lockout","Portable metal group lockout box","Red","Small, 6 × 8.9 × 3.5 in.","English labels","1782000","68.54","Median of GS GLB 13SS, GS GLB-S26 × 0.9",""
"LOTO-GRP-012","Group lockout","Portable metal group lockout box","Red","Small, 6 × 8.9 × 3.5 in.","Spanish labels","1782000","68.54","Median of GS GLB 13SS, GS GLB-S26 × 0.9",""
"LOTO-GRP-019","Group lockout","Portable metal group lockout box","Yellow","Wall-mounted","Single","1782000","68.54","Median of GS GLB 13SS, GS GLB-S26 × 0.9",""
"LOTO-GRP-013","Group lockout","Portable metal group lockout box","Yellow","Small, 6 × 8.9 × 3.5 in.","English labels","1782000","68.54","Median of GS GLB 13SS, GS GLB-S26 × 0.9",""
"LOTO-GRP-010","Group lockout","Portable metal group lockout box","Blue","Small, 6 × 8.9 × 3.5 in.","English labels","1782000","68.54","Median of GS GLB 13SS, GS GLB-S26 × 0.9",""
"V-GB13","Group lockout","Portable metal group lockout box","Metal group lockout box","Standard","Single","845000","32.50","Price list 112 (USD, assumed) × 7547 VND (median Odoo ÷ list ratio)",""
"LOTO-GRP-015","Group lockout","Lock storage / group lockout box","Red","Large, 12 × 6.75 × 8.25 in.","Single","2574000","99.00","Median of GS GLB 13SS, GS GLB-S26 × 1.3",""
"LOTO-GRP-016","Group lockout","Lock storage / group lockout box","Red","XL, 12 × 9 × 8.25 in.","Single","2574000","99.00","Median of GS GLB 13SS, GS GLB-S26 × 1.3",""
"LOTO-GRP-020","Group lockout","Slim group lock box (12 locks)","Red","Standard","Single","1980000","76.15","Median of GS GLB 13SS, GS GLB-S26 × 1",""
"LOTO-GRP-021","Group lockout","Slim group lock box (12 locks)","Yellow","Standard","Single","1980000","76.15","Median of GS GLB 13SS, GS GLB-S26 × 1",""
"VH-E25","Group lockout","Group lockout hasp","Electroplated, 25","Standard","Single","107000","4.12","Price list 14.2 (USD, assumed) × 7547 VND (median Odoo ÷ list ratio)",""
"VH-E39","Group lockout","Group lockout hasp","Electroplated, 39","Standard","Single","124000","4.77","Price list 16.4 (USD, assumed) × 7547 VND (median Odoo ÷ list ratio)",""
"VH-N33","Group lockout","Group lockout hasp","Nylon, 3 mm shackle","Standard","Single","88000","3.38","Price list 11.7 (USD, assumed) × 7547 VND (median Odoo ÷ list ratio)",""
"VH-N36","Group lockout","Group lockout hasp","Nylon, 6 mm shackle","Standard","Single","88000","3.38","Price list 11.7 (USD, assumed) × 7547 VND (median Odoo ÷ list ratio)",""
"VH-SSH","Group lockout","Group lockout hasp","Stainless steel","Standard","Single","298000","11.46","Price list 39.5 (USD, assumed) × 7547 VND (median Odoo ÷ list ratio)",""
"VH-39","Group lockout","Group lockout hasp","Vinyl-coated, premier","Standard","Single","132000","5.08","Price list 17.5 (USD, assumed) × 7547 VND (median Odoo ÷ list ratio)",""
"VH-25","Group lockout","Group lockout hasp","Vinyl-coated, small","Standard","Single","112000","4.31","Price list 14.9 (USD, assumed) × 7547 VND (median Odoo ÷ list ratio)",""
"LOTO-GRP-033","Group lockout","Group lockout hasp","Dual jaw","Standard","Single","210000","8.08","Median of GS EHASP - 02, GS D-HASP-S3 × 1",""
"LOTO-GRP-024","Group lockout","Group lockout hasp","Heavy-duty stainless","Standard","Pack of 24","4284000","164.77","Median of GS EHASP - 02, GS D-HASP-S3 × 1 × 24 pcs × bulk 0.85",""
"LOTO-GRP-034","Group lockout","Group lockout hasp","Nylon","Standard","Single","210000","8.08","Median of GS EHASP - 02, GS D-HASP-S3 × 1",""
"LOTO-GRP-035","Group lockout","Group lockout hasp","Red lockout hasp","Standard","Single","210000","8.08","Median of GS EHASP - 02, GS D-HASP-S3 × 1",""
"LOTO-GRP-036","Group lockout","Group lockout hasp","Stop-sign style","Standard","Pack of 5","966000","37.15","Median of GS EHASP - 02, GS D-HASP-S3 × 1 × 5 pcs × bulk 0.92",""
"LOTO-GRP-022","Group lockout","Group lockout hasp","Style 1","1 in. jaws","Single","210000","8.08","Median of GS EHASP - 02, GS D-HASP-S3 × 1",""
"LOTO-GRP-023","Group lockout","Group lockout hasp","Style 1","1.5 in. jaws","Single","210000","8.08","Median of GS EHASP - 02, GS D-HASP-S3 × 1",""
"LOTO-GRP-025","Group lockout","Group lockout hasp","Style 2","1 in. jaws","Single","210000","8.08","Median of GS EHASP - 02, GS D-HASP-S3 × 1",""
"LOTO-GRP-026","Group lockout","Group lockout hasp","Style 2","1 in. jaws","Pack of 12","2142000","82.38","Median of GS EHASP - 02, GS D-HASP-S3 × 1 × 12 pcs × bulk 0.85",""
"LOTO-GRP-027","Group lockout","Group lockout hasp","Style 2","1.5 in. jaws","Single","210000","8.08","Median of GS EHASP - 02, GS D-HASP-S3 × 1",""
"LOTO-GRP-028","Group lockout","Group lockout hasp","Style 2","1.5 in. jaws","Pack of 12","2142000","82.38","Median of GS EHASP - 02, GS D-HASP-S3 × 1 × 12 pcs × bulk 0.85",""
"LOTO-GRP-029","Group lockout","Group lockout hasp","Style 3","1 in. jaws","Single","210000","8.08","Median of GS EHASP - 02, GS D-HASP-S3 × 1",""
"LOTO-GRP-030","Group lockout","Group lockout hasp","Style 3","1.5 in. jaws","Single","210000","8.08","Median of GS EHASP - 02, GS D-HASP-S3 × 1",""
"LOTO-GRP-031","Group lockout","Group lockout hasp","Style 4","1 in. jaws","Single","210000","8.08","Median of GS EHASP - 02, GS D-HASP-S3 × 1",""
"LOTO-GRP-032","Group lockout","Group lockout hasp","Style 4","1.5 in. jaws","Single","210000","8.08","Median of GS EHASP - 02, GS D-HASP-S3 × 1",""
"LOTO-GRP-039","Group lockout","Labelled group lockout hasp","Red","Style 1","Pack of 5","1449000","55.73","Median of GS EHASP - 02, GS D-HASP-S3 × 1.5 × 5 pcs × bulk 0.92",""
"LOTO-GRP-045","Group lockout","Labelled group lockout hasp","Red","Style 2","Pack of 5","1449000","55.73","Median of GS EHASP - 02, GS D-HASP-S3 × 1.5 × 5 pcs × bulk 0.92",""
"LOTO-GRP-037","Group lockout","Labelled group lockout hasp","Red","Style 3","Pack of 5","1449000","55.73","Median of GS EHASP - 02, GS D-HASP-S3 × 1.5 × 5 pcs × bulk 0.92",""
"LOTO-GRP-038","Group lockout","Labelled group lockout hasp","Red","Style 4","Pack of 5","1449000","55.73","Median of GS EHASP - 02, GS D-HASP-S3 × 1.5 × 5 pcs × bulk 0.92",""
"LOTO-GRP-042","Group lockout","Labelled group lockout hasp","Green","Style 1","Pack of 5","1449000","55.73","Median of GS EHASP - 02, GS D-HASP-S3 × 1.5 × 5 pcs × bulk 0.92",""
"LOTO-GRP-048","Group lockout","Labelled group lockout hasp","Green","Style 2","Pack of 5","1449000","55.73","Median of GS EHASP - 02, GS D-HASP-S3 × 1.5 × 5 pcs × bulk 0.92",""
"LOTO-GRP-041","Group lockout","Labelled group lockout hasp","Blue","Style 1","Pack of 5","1449000","55.73","Median of GS EHASP - 02, GS D-HASP-S3 × 1.5 × 5 pcs × bulk 0.92",""
"LOTO-GRP-047","Group lockout","Labelled group lockout hasp","Blue","Style 2","Pack of 5","1449000","55.73","Median of GS EHASP - 02, GS D-HASP-S3 × 1.5 × 5 pcs × bulk 0.92",""
"LOTO-GRP-040","Group lockout","Labelled group lockout hasp","Silver","Style 1","Pack of 5","1449000","55.73","Median of GS EHASP - 02, GS D-HASP-S3 × 1.5 × 5 pcs × bulk 0.92",""
"LOTO-GRP-046","Group lockout","Labelled group lockout hasp","Silver","Style 2","Pack of 5","1449000","55.73","Median of GS EHASP - 02, GS D-HASP-S3 × 1.5 × 5 pcs × bulk 0.92",""
"LOTO-GRP-043","Group lockout","Labelled group lockout hasp","Gold","Style 1","Pack of 5","1449000","55.73","Median of GS EHASP - 02, GS D-HASP-S3 × 1.5 × 5 pcs × bulk 0.92",""
"LOTO-GRP-049","Group lockout","Labelled group lockout hasp","Gold","Style 2","Pack of 5","1449000","55.73","Median of GS EHASP - 02, GS D-HASP-S3 × 1.5 × 5 pcs × bulk 0.92",""
"LOTO-GRP-044","Group lockout","Labelled group lockout hasp","5-colour set","Style 1","Pack of 5","1449000","55.73","Median of GS EHASP - 02, GS D-HASP-S3 × 1.5 × 5 pcs × bulk 0.92",""
"LOTO-GRP-050","Group lockout","Labelled group lockout hasp","5-colour set","Style 2","Pack of 5","1449000","55.73","Median of GS EHASP - 02, GS D-HASP-S3 × 1.5 × 5 pcs × bulk 0.92",""
"VH-AL10","Group lockout","Labelled group lockout hasp","Aluminium","Labelling hasp","Single","208000","8.00","Price list 27.5 (USD, assumed) × 7547 VND (median Odoo ÷ list ratio)",""
"V-ELK","Kits & stations","Lockout tagout kit","Electrical lockout kit","Standard","Single","4596000","176.77","Price list 609 (USD, assumed) × 7547 VND (median Odoo ÷ list ratio)",""
"V-P2-R","Kits & stations","Lockout tagout kit","Personal electrical lockout pouch","Standard","Single","1653000","63.58","Price list 219 (USD, assumed) × 7547 VND (median Odoo ÷ list ratio)",""
"V-VLK","Kits & stations","Lockout tagout kit","Valve lockout kit","Standard","Single","3018000","116.08","Price list 399.9 (USD, assumed) × 7547 VND (median Odoo ÷ list ratio)",""
"LOTO-KIT-001","Kits & stations","Lockout tagout kit","Electrical & valve kit, duffel bag, nylon padlocks","Standard","Single","3018000","116.08","Median of V-VLK, V-P2-R × 1",""
"LOTO-KIT-003","Kits & stations","Lockout tagout kit","Forklift battery connector lockout kit","Standard","Single","3018000","116.08","Median of V-VLK, V-P2-R × 1",""
"LOTO-KIT-004","Kits & stations","Lockout tagout kit","Lockout tagout pouch kit","Standard","Single","3018000","116.08","Median of V-VLK, V-P2-R × 1",""
"LOTO-KIT-002","Kits & stations","Lockout tagout kit","Padlock & tag kit","Standard","Single","3018000","116.08","Median of V-VLK, V-P2-R × 1",""
"LOTO-KIT-006","Kits & stations","Lockout station with padlocks","6-lock board","Keyed alike","Single","5940000","228.46","Median of GS-LTS 6, GS-LTS 9 × 2.2",""
"LOTO-KIT-005","Kits & stations","Lockout station with padlocks","6-lock board","Keyed different","Single","5940000","228.46","Median of GS-LTS 6, GS-LTS 9 × 2.2",""
"LOTO-KIT-010","Kits & stations","Lockout station with padlocks","6-lock cabinet station","Keyed alike","Single","5940000","228.46","Median of GS-LTS 6, GS-LTS 9 × 2.2",""
"LOTO-KIT-009","Kits & stations","Lockout station with padlocks","6-lock cabinet station","Keyed different","Single","5940000","228.46","Median of GS-LTS 6, GS-LTS 9 × 2.2",""
"LOTO-KIT-012","Kits & stations","Lockout station with padlocks","12-lock cabinet station","Keyed alike","Single","5940000","228.46","Median of GS-LTS 6, GS-LTS 9 × 2.2",""
"LOTO-KIT-011","Kits & stations","Lockout station with padlocks","12-lock cabinet station","Keyed different","Single","5940000","228.46","Median of GS-LTS 6, GS-LTS 9 × 2.2",""
"LOTO-KIT-008","Kits & stations","Lockout station with padlocks","24-lock board","Keyed alike","Single","5940000","228.46","Median of GS-LTS 6, GS-LTS 9 × 2.2",""
"LOTO-KIT-007","Kits & stations","Lockout station with padlocks","24-lock board","Keyed different","Single","5940000","228.46","Median of GS-LTS 6, GS-LTS 9 × 2.2",""
"LOTO-KIT-014","Kits & stations","Lockout station with padlocks","Electrical lockout cabinet station","Keyed alike","Single","5940000","228.46","Median of GS-LTS 6, GS-LTS 9 × 2.2",""
"LOTO-KIT-013","Kits & stations","Lockout station with padlocks","Electrical lockout cabinet station","Keyed different","Single","5940000","228.46","Median of GS-LTS 6, GS-LTS 9 × 2.2",""
"LOTO-KIT-016","Kits & stations","Lockout bags & pouches","Duffel bag","Standard","Single","413000","15.88","Median of V-P2-R × 0.25",""
"LOTO-KIT-025","Kits & stations","Lockout bags & pouches","Large pouch with zipper","Standard","Single","413000","15.88","Median of V-P2-R × 0.25",""
"LOTO-KIT-024","Kits & stations","Lockout bags & pouches","Pouch","Black","Single","413000","15.88","Median of V-P2-R × 0.25",""
"LOTO-KIT-023","Kits & stations","Lockout bags & pouches","Pouch","Red","Single","413000","15.88","Median of V-P2-R × 0.25",""
"LOTO-KIT-015","Kits & stations","Lockout bags & pouches","Satchel","Standard","Single","413000","15.88","Median of V-P2-R × 0.25",""
"LOTO-KIT-026","Kits & stations","Lockout bags & pouches","Security bag (lockable)","Standard","Single","413000","15.88","Median of V-P2-R × 0.25",""
"LOTO-KIT-017","Kits & stations","Lockout toolboxes","Lockable toolbox","Standard","Single","579000","22.27","Median of V-P2-R × 0.35",""
"LOTO-KIT-029","Kits & stations","Lockout toolboxes","Toolbox","Medium","Single","579000","22.27","Median of V-P2-R × 0.35",""
"LOTO-KIT-028","Kits & stations","Lockout toolboxes","Toolbox","Small","Single","579000","22.27","Median of V-P2-R × 0.35",""
"V-LSS16","Kits & stations","Lockout cabinets","Metal lockout cabinet","16 × 14 × 6 in.","Single","1509000","58.04","Price list 199.9 (USD, assumed) × 7547 VND (median Odoo ÷ list ratio)",""
"LOTO-KIT-027","Kits & stations","Lockout cabinets","Extra shelf for metal cabinet","Standard","Single","2710000","104.23","Median of GS SLC-5L, GS H-T-C × 1",""
"LOTO-KIT-022","Kits & stations","Lockout cabinets","Heavy-duty lockout cabinet","Standard","Single","2710000","104.23","Median of GS SLC-5L, GS H-T-C × 1",""
"LOTO-KIT-020","Kits & stations","Lockout cabinets","Lockout cabinet (3 shelves)","Standard","Single","2710000","104.23","Median of GS SLC-5L, GS H-T-C × 1",""
"LOTO-KIT-031","Kits & stations","Lockout cabinets","Wall-mounted key cabinet","30 keys","Single","2710000","104.23","Median of GS SLC-5L, GS H-T-C × 1",""
"LOTO-KIT-030","Kits & stations","Lockout cabinets","Wall-mounted key cabinet","240 keys","Single","2710000","104.23","Median of GS SLC-5L, GS H-T-C × 1",""
"LOTO-KIT-032","Kits & stations","Padlock station / board","Acrylic padlock board","24 locks","Single","770000","29.62","Median of GS PS-12, GS LS-12210 × 1",""
"LOTO-KIT-034","Kits & stations","Padlock station / board","Acrylic padlock board","36 locks","Single","770000","29.62","Median of GS PS-12, GS LS-12210 × 1",""
"LOTO-KIT-033","Kits & stations","Padlock station / board","Acrylic padlock board, Spanish","24 locks","Single","770000","29.62","Median of GS PS-12, GS LS-12210 × 1",""
"LOTO-KIT-018","Kits & stations","Padlock station / board","Ready-access polypropylene station","17 × 13.25 × 2.5 in.","Single","770000","29.62","Median of GS PS-12, GS LS-12210 × 1",""
"LOTO-KIT-048","Kits & stations","Padlock station / board","Steel padlock station","Small, 4 locks","Single","770000","29.62","Median of GS PS-12, GS LS-12210 × 1",""
"LOTO-KIT-049","Kits & stations","Padlock station / board","Steel padlock station","Large, 24 locks","Single","770000","29.62","Median of GS PS-12, GS LS-12210 × 1",""
"V-LSP-B","Kits & stations","Lockout tagout station","PVC lockout station","Standard","Single","283000","10.88","Price list 37.5 (USD, assumed) × 7547 VND (median Odoo ÷ list ratio)",""
"PVC-V-LS10","Kits & stations","Lockout tagout station","PVC lockout station with hinged cover","5–10 locks","Single","724000","27.85","Price list 95.9 (USD, assumed) × 7547 VND (median Odoo ÷ list ratio)",""
"PVC-V-LS20","Kits & stations","Lockout tagout station","PVC lockout station with hinged cover","10–20 locks","Single","1079000","41.50","Price list 143 (USD, assumed) × 7547 VND (median Odoo ÷ list ratio)",""
"LOTO-KIT-056","Kits & stations","Lockout tagout station","Bilingual safety station","Standard","Single","2700000","103.85","Median of GS-LTS 6, GS-LTS 9 × 1",""
"LOTO-KIT-021","Kits & stations","Lockout tagout station","Lockout station with clear door (12 locks)","16 × 14 × 3.5 in.","Single","2700000","103.85","Median of GS-LTS 6, GS-LTS 9 × 1",""
"LOTO-KIT-044","Kits & stations","Lockout tagout station","Mini electrical lockout station","Standard","Single","2700000","103.85","Median of GS-LTS 6, GS-LTS 9 × 1",""
"LOTO-KIT-019","Kits & stations","Lockout tagout station","Ready-access polypropylene station","17 × 17 × 6.75 in.","Single","2700000","103.85","Median of GS-LTS 6, GS-LTS 9 × 1",""
"LOTO-KIT-036","Kits & stations","Lockout tagout station","Wall lockout station","Large","Single","2700000","103.85","Median of GS-LTS 6, GS-LTS 9 × 1",""
"LOTO-KIT-035","Kits & stations","Lockout tagout station","Wall lockout station","Small","Single","2700000","103.85","Median of GS-LTS 6, GS-LTS 9 × 1",""
"LOTO-KIT-037","Kits & stations","Lockout tagout station","Wall lockout station","X-Large","Single","2700000","103.85","Median of GS-LTS 6, GS-LTS 9 × 1",""
"LOTO-KIT-038","Kits & stations","Lockout tagout station","Wall lockout station with doors","Large","Single","2700000","103.85","Median of GS-LTS 6, GS-LTS 9 × 1",""
"LOTO-KIT-040","Kits & stations","Lockout tagout station","Wall lockout station with doors","X-Large","Single","2700000","103.85","Median of GS-LTS 6, GS-LTS 9 × 1",""
"LOTO-KIT-039","Kits & stations","Lockout tagout station","Wall lockout station with doors, Spanish","Large","Single","2700000","103.85","Median of GS-LTS 6, GS-LTS 9 × 1",""
"LOTO-KIT-041","Kits & stations","Tag holders","1-pocket tag holder","Standard","Single","385000","14.81","Median of GS PS-12, GS LS-12210 × 0.5",""
"LOTO-KIT-042","Kits & stations","Tag holders","1-pocket tag holder with pen hooks","Standard","Single","385000","14.81","Median of GS PS-12, GS LS-12210 × 0.5",""
"LOTO-KIT-043","Kits & stations","Tag holders","8-pocket information centre","Standard","Single","385000","14.81","Median of GS PS-12, GS LS-12210 × 0.5",""
"LOTO-KIT-055","Kits & stations","Padlock & tag carrier","Carrier with 12 padlocks and 2 hasps","Keyed alike","Single","924000","35.54","Median of GS PS-12, GS LS-12210 × 1.2",""
"LOTO-KIT-054","Kits & stations","Padlock & tag carrier","Carrier with 12 padlocks and 2 hasps","Keyed different","Single","924000","35.54","Median of GS PS-12, GS LS-12210 × 1.2",""
"LOTO-KIT-052","Kits & stations","Padlock & tag carrier","Padlock & tag carrier","Blue","Single","924000","35.54","Median of GS PS-12, GS LS-12210 × 1.2",""
"LOTO-KIT-053","Kits & stations","Padlock & tag carrier","Padlock & tag carrier","Green","Single","924000","35.54","Median of GS PS-12, GS LS-12210 × 1.2",""
"LOTO-KIT-050","Kits & stations","Padlock & tag carrier","Padlock & tag carrier","Red","Single","924000","35.54","Median of GS PS-12, GS LS-12210 × 1.2",""
"LOTO-KIT-051","Kits & stations","Padlock & tag carrier","Padlock & tag carrier","Yellow","Single","924000","35.54","Median of GS PS-12, GS LS-12210 × 1.2",""
"LOTO-KIT-045","Kits & stations","Padlock control centre","Enclosed padlock storage module","40 locks","Single","1232000","47.38","Median of GS PS-12, GS LS-12210 × 1.6",""
"LOTO-KIT-046","Kits & stations","Padlock control centre","Steel padlock control centre","Small, 16 locks","Single","1232000","47.38","Median of GS PS-12, GS LS-12210 × 1.6",""
"LOTO-KIT-047","Kits & stations","Padlock control centre","Steel padlock control centre","Large, 32 locks","Single","1232000","47.38","Median of GS PS-12, GS LS-12210 × 1.6",""
"V-CL6","Cable lockouts","Cable lockout","Multipurpose, 6 ft","Standard","Single","263000","10.12","Price list 34.9 (USD, assumed) × 7547 VND (median Odoo ÷ list ratio)",""
"V-UML","Cable lockouts","Cable lockout","Universal multi cable","Standard","Single","263000","10.12","Price list 34.9 (USD, assumed) × 7547 VND (median Odoo ÷ list ratio)",""
"LOTO-CAB-010","Cable lockouts","All-purpose cable lockout","Red","No cable","Single","275000","10.58","Median of GS MCL-01, GS MCL-03 × 1.1",""
"LOTO-CAB-008","Cable lockouts","All-purpose cable lockout","Red","8 ft nylon cable","Single","275000","10.58","Median of GS MCL-01, GS MCL-03 × 1.1",""
"LOTO-CAB-009","Cable lockouts","All-purpose cable lockout","Red","8 ft steel cable","Single","275000","10.58","Median of GS MCL-01, GS MCL-03 × 1.1",""
"LOTO-CAB-012","Cable lockouts","All-purpose cable lockout","Green","No cable","Single","275000","10.58","Median of GS MCL-01, GS MCL-03 × 1.1",""
"LOTO-CAB-011","Cable lockouts","All-purpose cable lockout","Green","8 ft steel cable","Single","275000","10.58","Median of GS MCL-01, GS MCL-03 × 1.1",""
"LOTO-CAB-002","Cable lockouts","Mini cable lockout (self-winding)","Standard","8 ft nylon cable","Single","300000","11.54","Median of GS MCL-01, GS MCL-03 × 1.2",""
"LOTO-CAB-001","Cable lockouts","Mini cable lockout (self-winding)","Standard","8 ft steel cable","Single","300000","11.54","Median of GS MCL-01, GS MCL-03 × 1.2",""
"LOTO-CAB-003","Cable lockouts","Economy cable lockout","Red","6 ft cable","Single","225000","8.65","Median of GS MCL-01, GS MCL-03 × 0.9",""
"LOTO-CAB-005","Cable lockouts","Economy cable lockout","Yellow","6 ft cable","Single","225000","8.65","Median of GS MCL-01, GS MCL-03 × 0.9",""
"LOTO-CAB-004","Cable lockouts","Economy cable lockout","Blue","6 ft cable","Single","225000","8.65","Median of GS MCL-01, GS MCL-03 × 0.9",""
"LOTO-CAB-017","Cable lockouts","Economy cable lockout","Standard","6 ft cable","Single","225000","8.65","Median of GS MCL-01, GS MCL-03 × 0.9",""
"LOTO-CAB-018","Cable lockouts","Economy cable lockout","Standard","10 ft cable","Single","225000","8.65","Median of GS MCL-01, GS MCL-03 × 0.9",""
"LOTO-CAB-030","Cable lockouts","Spin cable lockout system","Red","Double hex, no cable","Single","300000","11.54","Median of GS MCL-01, GS MCL-03 × 1.2",""
"LOTO-CAB-024","Cable lockouts","Spin cable lockout system","Red","Extra-secure, no cable","Single","300000","11.54","Median of GS MCL-01, GS MCL-03 × 1.2",""
"LOTO-CAB-027","Cable lockouts","Spin cable lockout system","Red","Double hex, with 59 in. cable","Single","300000","11.54","Median of GS MCL-01, GS MCL-03 × 1.2",""
"LOTO-CAB-021","Cable lockouts","Spin cable lockout system","Red","Extra-secure, with 59 in. cable","Single","300000","11.54","Median of GS MCL-01, GS MCL-03 × 1.2",""
"LOTO-CAB-031","Cable lockouts","Spin cable lockout system","Yellow","Double hex, no cable","Single","300000","11.54","Median of GS MCL-01, GS MCL-03 × 1.2",""
"LOTO-CAB-025","Cable lockouts","Spin cable lockout system","Yellow","Extra-secure, no cable","Single","300000","11.54","Median of GS MCL-01, GS MCL-03 × 1.2",""
"LOTO-CAB-028","Cable lockouts","Spin cable lockout system","Yellow","Double hex, with 59 in. cable","Single","300000","11.54","Median of GS MCL-01, GS MCL-03 × 1.2",""
"LOTO-CAB-022","Cable lockouts","Spin cable lockout system","Yellow","Extra-secure, with 59 in. cable","Single","300000","11.54","Median of GS MCL-01, GS MCL-03 × 1.2",""
"LOTO-CAB-026","Cable lockouts","Spin cable lockout system","Green","Extra-secure, no cable","Single","300000","11.54","Median of GS MCL-01, GS MCL-03 × 1.2",""
"LOTO-CAB-029","Cable lockouts","Spin cable lockout system","Green","Double hex, with 59 in. cable","Single","300000","11.54","Median of GS MCL-01, GS MCL-03 × 1.2",""
"LOTO-CAB-023","Cable lockouts","Spin cable lockout system","Green","Extra-secure, with 59 in. cable","Single","300000","11.54","Median of GS MCL-01, GS MCL-03 × 1.2",""
"LOTO-CAB-013","Cable lockouts","Lockout cables & spools","Nylon cable","Spool","Single","125000","4.81","Median of GS MCL-01, GS MCL-03 × 0.5",""
"LOTO-CAB-014","Cable lockouts","Lockout cables & spools","Nylon cable","8 ft","Single","125000","4.81","Median of GS MCL-01, GS MCL-03 × 0.5",""
"LOTO-CAB-019","Cable lockouts","Lockout cables & spools","Plastic-coated cable only","6 ft","Single","125000","4.81","Median of GS MCL-01, GS MCL-03 × 0.5",""
"LOTO-CAB-020","Cable lockouts","Lockout cables & spools","Plastic-coated cable only","10 ft","Single","125000","4.81","Median of GS MCL-01, GS MCL-03 × 0.5",""
"LOTO-CAB-015","Cable lockouts","Lockout cables & spools","Steel cable","Spool","Single","125000","4.81","Median of GS MCL-01, GS MCL-03 × 0.5",""
"LOTO-CAB-016","Cable lockouts","Lockout cables & spools","Steel cable","8 ft","Single","125000","4.81","Median of GS MCL-01, GS MCL-03 × 0.5",""
"LOTO-CAB-006","Cable lockouts","Lockout cables & spools","Steel cable only","8 ft","Single","125000","4.81","Median of GS MCL-01, GS MCL-03 × 0.5",""
"LOTO-CAB-007","Cable lockouts","Lockout cables & spools","Steel cable only","10 ft","Single","125000","4.81","Median of GS MCL-01, GS MCL-03 × 0.5",""
"LOTO-VLV-046","Valve lockouts","Gate valve lockout","Yellow","1–2.5 in.","Single","142000","5.46","Same size as V-02-GVL (colour / pack variants priced alike)",""
"LOTO-VLV-050","Valve lockouts","Gate valve lockout","Yellow","2.5–5 in.","Single","240000","9.23","Same size as GS GVL-04 (colour / pack variants priced alike)",""
"LOTO-VLV-054","Valve lockouts","Gate valve lockout","Yellow","5–6.5 in.","Single","330000","12.69","Same size as GS GVL-06 (colour / pack variants priced alike)",""
"LOTO-VLV-058","Valve lockouts","Gate valve lockout","Yellow","6.5–10 in.","Single","390000","15.00","Same size as GS GVL-08 (colour / pack variants priced alike)",""
"LOTO-VLV-062","Valve lockouts","Gate valve lockout","Yellow","10–13 in.","Single","500000","19.23","Same size as GS GVL-10 (colour / pack variants priced alike)",""
"LOTO-VLV-047","Valve lockouts","Gate valve lockout","Green","1–2.5 in.","Single","142000","5.46","Same size as V-02-GVL (colour / pack variants priced alike)",""
"LOTO-VLV-051","Valve lockouts","Gate valve lockout","Green","2.5–5 in.","Single","240000","9.23","Same size as GS GVL-04 (colour / pack variants priced alike)",""
"LOTO-VLV-055","Valve lockouts","Gate valve lockout","Green","5–6.5 in.","Single","330000","12.69","Same size as GS GVL-06 (colour / pack variants priced alike)",""
"LOTO-VLV-059","Valve lockouts","Gate valve lockout","Green","6.5–10 in.","Single","390000","15.00","Same size as GS GVL-08 (colour / pack variants priced alike)",""
"LOTO-VLV-063","Valve lockouts","Gate valve lockout","Green","10–13 in.","Single","500000","19.23","Same size as GS GVL-10 (colour / pack variants priced alike)",""
"LOTO-VLV-048","Valve lockouts","Gate valve lockout","Blue","1–2.5 in.","Single","142000","5.46","Same size as V-02-GVL (colour / pack variants priced alike)",""
"LOTO-VLV-052","Valve lockouts","Gate valve lockout","Blue","2.5–5 in.","Single","240000","9.23","Same size as GS GVL-04 (colour / pack variants priced alike)",""
"LOTO-VLV-056","Valve lockouts","Gate valve lockout","Blue","5–6.5 in.","Single","330000","12.69","Same size as GS GVL-06 (colour / pack variants priced alike)",""
"LOTO-VLV-060","Valve lockouts","Gate valve lockout","Blue","6.5–10 in.","Single","390000","15.00","Same size as GS GVL-08 (colour / pack variants priced alike)",""
"LOTO-VLV-064","Valve lockouts","Gate valve lockout","Blue","10–13 in.","Single","500000","19.23","Same size as GS GVL-10 (colour / pack variants priced alike)",""
"LOTO-VLV-049","Valve lockouts","Gate valve lockout","Transparent","1–2.5 in.","Single","142000","5.46","Same size as V-02-GVL (colour / pack variants priced alike)",""
"LOTO-VLV-053","Valve lockouts","Gate valve lockout","Transparent","2.5–5 in.","Single","240000","9.23","Same size as GS GVL-04 (colour / pack variants priced alike)",""
"LOTO-VLV-057","Valve lockouts","Gate valve lockout","Transparent","5–6.5 in.","Single","330000","12.69","Same size as GS GVL-06 (colour / pack variants priced alike)",""
"LOTO-VLV-061","Valve lockouts","Gate valve lockout","Transparent","6.5–10 in.","Single","390000","15.00","Same size as GS GVL-08 (colour / pack variants priced alike)",""
"LOTO-VLV-065","Valve lockouts","Gate valve lockout","Transparent","10–13 in.","Single","500000","19.23","Same size as GS GVL-10 (colour / pack variants priced alike)",""
"V-02-GVL","Valve lockouts","Gate valve lockout","Standard","1–2.5 in.","Single","142000","5.46","Price list 18.8 (USD, assumed) × 7547 VND (median Odoo ÷ list ratio)",""
"V-AGV","Valve lockouts","Adjustable gate valve lockout","Standard","1–6.5 in.","Single","392000","15.08","Price list 51.9 (USD, assumed) × 7547 VND (median Odoo ÷ list ratio)",""
"LOTO-VLV-001","Valve lockouts","Collapsible gate valve lockout","Standard","3–7 in.","Single","502000","19.31","Median of GS GVL-08 × 1.2 × size 1.07",""
"LOTO-VLV-002","Valve lockouts","Collapsible gate valve lockout","Standard","7–13 in.","Single","663000","25.50","Median of GS GVL-08 × 1.2 × size 1.42",""
"LOTO-VLV-003","Valve lockouts","Collapsible gate valve lockout","Standard","13–18 in.","Single","767000","29.50","Median of GS GVL-08 × 1.2 × size 1.64",""
"LOTO-VLV-004","Valve lockouts","T-handle ball valve lockout","Standard","0.5–1 in.","Single","231000","8.88","Median of GS BVL-01 × 1 × size 0.70",""
"LOTO-VLV-005","Valve lockouts","T-handle ball valve lockout","Standard","1.25–2 in.","Single","231000","8.88","Median of GS BVL-01 × 1 × size 0.70",""
"LOTO-VLV-006","Valve lockouts","Ball valve lockout (one-piece)","Nylon","0.25–1 in.","Shackle up to 0.28 in.","208000","8.00","Median of GS BVL-01 × 0.9 × size 0.70",""
"LOTO-VLV-007","Valve lockouts","Ball valve lockout (one-piece)","Steel","0.25–1 in.","Shackle up to 0.375 in.","208000","8.00","Median of GS BVL-01 × 0.9 × size 0.70",""
"LOTO-VLV-008","Valve lockouts","Ball valve lockout (one-piece)","Steel","1.25–3 in.","Shackle up to 0.28 in.","217000","8.35","Median of GS BVL-01 × 0.9 × size 0.73",""
"LOTO-VLV-009","Valve lockouts","Ball valve lockout (one-piece)","Steel","1.25–3 in.","Shackle up to 0.375 in.","217000","8.35","Median of GS BVL-01 × 0.9 × size 0.73",""
"V-BV 02","Valve lockouts","Ball valve lockout","Standard","Medium, 1.5–2.5 in.","Single","437000","16.81","Price list 57.9 (USD, assumed) × 7547 VND (median Odoo ÷ list ratio)",""
"LOTO-VLV-028","Valve lockouts","Ball valve lockout, 4-legged","Red","Small, 0.5–2.5 in.","Single","287000","11.04","Median of GS BVL-01, GS BVL-L × 1 × size 0.70",""
"LOTO-VLV-032","Valve lockouts","Ball valve lockout, 4-legged","Red","Large, 2–8 in.","Single","467000","17.96","Median of GS BVL-01, GS BVL-L × 1 × size 1.14",""
"LOTO-VLV-029","Valve lockouts","Ball valve lockout, 4-legged","Yellow","Small, 0.5–2.5 in.","Single","287000","11.04","Median of GS BVL-01, GS BVL-L × 1 × size 0.70",""
"LOTO-VLV-033","Valve lockouts","Ball valve lockout, 4-legged","Yellow","Large, 2–8 in.","Single","467000","17.96","Median of GS BVL-01, GS BVL-L × 1 × size 1.14",""
"LOTO-VLV-031","Valve lockouts","Ball valve lockout, 4-legged","Green","Small, 0.5–2.5 in.","Single","287000","11.04","Median of GS BVL-01, GS BVL-L × 1 × size 0.70",""
"LOTO-VLV-035","Valve lockouts","Ball valve lockout, 4-legged","Green","Large, 2–8 in.","Single","467000","17.96","Median of GS BVL-01, GS BVL-L × 1 × size 1.14",""
"LOTO-VLV-030","Valve lockouts","Ball valve lockout, 4-legged","Blue","Small, 0.5–2.5 in.","Single","287000","11.04","Median of GS BVL-01, GS BVL-L × 1 × size 0.70",""
"LOTO-VLV-034","Valve lockouts","Ball valve lockout, 4-legged","Blue","Large, 2–8 in.","Single","467000","17.96","Median of GS BVL-01, GS BVL-L × 1 × size 1.14",""
"LOTO-VLV-024","Valve lockouts","Permanent-mount ball valve lockout","Standard","Small, 0.5–2 in.","Single","373000","14.35","Median of GS BVL-L × 1.3 × size 0.70",""
"LOTO-VLV-025","Valve lockouts","Permanent-mount ball valve lockout","Standard","Large, 2–4 in.","Single","444000","17.08","Median of GS BVL-L × 1.3 × size 0.83",""
"LOTO-VLV-026","Valve lockouts","No-handle valve lockout with cable","Red","0.375–24 in.","Single","615000","23.65","Median of GS BVL-L × 1.5",""
"LOTO-VLV-027","Valve lockouts","No-handle valve lockout with cable","Transparent","0.375–24 in.","Single","615000","23.65","Median of GS BVL-L × 1.5",""
"V-UVL","Valve lockouts","Universal valve lockout","Handyman universal","Standard","Single","1268000","48.77","Price list 168 (USD, assumed) × 7547 VND (median Odoo ÷ list ratio)",""
"LOTO-VLV-013","Valve lockouts","Universal valve lockout","Large device","8 ft nylon cable","Single","656000","25.23","Median of GS BVL-L × 1.6",""
"LOTO-VLV-012","Valve lockouts","Universal valve lockout","Large device","8 ft sheathed steel cable","Single","656000","25.23","Median of GS BVL-L × 1.6",""
"LOTO-VLV-011","Valve lockouts","Universal valve lockout","Small device","8 ft nylon cable","Single","656000","25.23","Median of GS BVL-L × 1.6",""
"LOTO-VLV-010","Valve lockouts","Universal valve lockout","Small device","8 ft sheathed steel cable","Single","656000","25.23","Median of GS BVL-L × 1.6",""
"LOTO-VLV-015","Valve lockouts","Universal valve lockout parts","Base clamping unit","Large","Single","198000","7.62","Median of GS BVL-01 × 0.6",""
"LOTO-VLV-014","Valve lockouts","Universal valve lockout parts","Base clamping unit","Small","Single","198000","7.62","Median of GS BVL-01 × 0.6",""
"LOTO-VLV-017","Valve lockouts","Universal valve lockout parts","Blocking arm","Large","Single","198000","7.62","Median of GS BVL-01 × 0.6",""
"LOTO-VLV-016","Valve lockouts","Universal valve lockout parts","Blocking arm","Small","Single","198000","7.62","Median of GS BVL-01 × 0.6",""
"LOTO-VLV-019","Valve lockouts","Universal valve lockout parts","Cable attachment","8 ft nylon cable","Single","198000","7.62","Median of GS BVL-01 × 0.6",""
"LOTO-VLV-018","Valve lockouts","Universal valve lockout parts","Cable attachment","8 ft sheathed steel cable","Single","198000","7.62","Median of GS BVL-01 × 0.6",""
"LOTO-VLV-020","Valve lockouts","Universal valve lockout parts","Sheathed steel cable","8 ft","Single","198000","7.62","Median of GS BVL-01 × 0.6",""
"LOTO-VLV-021","Valve lockouts","Universal valve lockout parts","Sheathed steel cable","12 ft","Single","198000","7.62","Median of GS BVL-01 × 0.6",""
"LOTO-VLV-022","Valve lockouts","Universal valve lockout parts","Sheathed steel cable","16 ft","Single","198000","7.62","Median of GS BVL-01 × 0.6",""
"LOTO-VLV-023","Valve lockouts","Universal valve lockout parts","Sheathed steel cable","20 ft","Single","198000","7.62","Median of GS BVL-01 × 0.6",""
"LOTO-VLV-036","Valve lockouts","Pipe blind flange lockout","Standard","Small, pipes 0.5–3 in.","Single","480000","18.46","Median of GS BVL-L × 1.6 × size 0.73",""
"LOTO-VLV-037","Valve lockouts","Pipe blind flange lockout","Standard","Medium, pipes 3–14 in.","Single","960000","36.92","Median of GS BVL-L × 1.6 × size 1.46",""
"LOTO-VLV-038","Valve lockouts","Pipe blind flange lockout","Standard","Large, pipes 14–48 in.","Single","1443000","55.50","Median of GS BVL-L × 1.6 × size 2.20",""
"LOTO-VLV-039","Valve lockouts","Plug valve lockout","Standard","Stem up to 0.875 in.","Single","254000","9.77","Median of GS BVL-01 × 1.1 × size 0.70",""
"LOTO-VLV-040","Valve lockouts","Plug valve lockout","Standard","Stem 0.94–1.375 in.","Single","254000","9.77","Median of GS BVL-01 × 1.1 × size 0.70",""
"LOTO-VLV-041","Valve lockouts","Plug valve lockout","Standard","Stem 1.75–2.125 in.","Single","254000","9.77","Median of GS BVL-01 × 1.1 × size 0.70",""
"LOTO-VLV-042","Valve lockouts","Plug valve lockout","Standard","Stem 2.188–2.5 in.","Single","254000","9.77","Median of GS BVL-01 × 1.1 × size 0.70",""
"LOTO-VLV-044","Valve lockouts","Butterfly valve lockout","Lever handle","Large","Single","500000","19.23","Median of GS BFVL × 1",""
"LOTO-VLV-043","Valve lockouts","Butterfly valve lockout","Lever handle","Small","Single","500000","19.23","Median of GS BFVL × 1",""
"LOTO-VLV-045","Valve lockouts","Butterfly valve lockout","Pull handle","Standard","Single","500000","19.23","Median of GS BFVL × 1",""
"LOTO-ELE-001","Electrical lockouts","Panel cable lockout","Standard","Standard","Single","208000","8.00","Median of GS CBL-SP-01, GS CBL-MP-01 × 1.3",""
"LOTO-ELE-028","Electrical lockouts","Clamp-on circuit breaker lockout","120/277 V","Standard","Single","160000","6.15","Median of GS CBL-SP-01, GS CBL-MP-01 × 1",""
"LOTO-ELE-029","Electrical lockouts","Clamp-on circuit breaker lockout","120/277 V","Standard","Pack of 6","883000","33.96","Median of GS CBL-SP-01, GS CBL-MP-01 × 1 × 6 pcs × bulk 0.92",""
"LOTO-ELE-048","Electrical lockouts","Clamp-on circuit breaker lockout","120/277 V","Standard","Pack of 50","5600000","215.38","Median of GS CBL-SP-01, GS CBL-MP-01 × 1 × 50 pcs × bulk 0.7",""
"LOTO-ELE-004","Electrical lockouts","Clamp-on circuit breaker lockout","120/277 V, slide cover","Standard","Single","160000","6.15","Median of GS CBL-SP-01, GS CBL-MP-01 × 1",""
"LOTO-ELE-005","Electrical lockouts","Clamp-on circuit breaker lockout","120/277 V, slide cover","Standard","Pack of 6","883000","33.96","Median of GS CBL-SP-01, GS CBL-MP-01 × 1 × 6 pcs × bulk 0.92",""
"LOTO-ELE-030","Electrical lockouts","Clamp-on circuit breaker lockout","480/600 V","Standard","Single","160000","6.15","Median of GS CBL-SP-01, GS CBL-MP-01 × 1",""
"LOTO-ELE-031","Electrical lockouts","Clamp-on circuit breaker lockout","480/600 V","Standard","Pack of 6","883000","33.96","Median of GS CBL-SP-01, GS CBL-MP-01 × 1 × 6 pcs × bulk 0.92",""
"LOTO-ELE-051","Electrical lockouts","Clamp-on circuit breaker lockout","480/600 V","Standard","Pack of 25","2800000","107.69","Median of GS CBL-SP-01, GS CBL-MP-01 × 1 × 25 pcs × bulk 0.7",""
"LOTO-ELE-006","Electrical lockouts","Clamp-on circuit breaker lockout","480/600 V, slide cover","Standard","Single","160000","6.15","Median of GS CBL-SP-01, GS CBL-MP-01 × 1",""
"LOTO-ELE-007","Electrical lockouts","Clamp-on circuit breaker lockout","480/600 V, slide cover","Standard","Pack of 6","883000","33.96","Median of GS CBL-SP-01, GS CBL-MP-01 × 1 × 6 pcs × bulk 0.92",""
"V-LB12","Electrical lockouts","Oversized breaker lockout (480–600 V)","Large (V-LB12)","Standard","Single","448000","17.23","Price list 59.4 (USD, assumed) × 7547 VND (median Odoo ÷ list ratio)",""
"LOTO-ELE-002","Electrical lockouts","Oversized breaker lockout (480–600 V)","Standard","Standard","Single","180000","6.92","Median of GS CBLU-BIG × 1",""
"LOTO-ELE-003","Electrical lockouts","Oversized breaker lockout (480–600 V)","Standard","Standard","Pack of 6","994000","38.23","Median of GS CBLU-BIG × 1 × 6 pcs × bulk 0.92",""
"LOTO-ELE-049","Electrical lockouts","Oversized breaker lockout (480–600 V)","Standard","Standard","Pack of 25","3150000","121.15","Median of GS CBLU-BIG × 1 × 25 pcs × bulk 0.7",""
"LOTO-ELE-010","Electrical lockouts","120 V snap-on breaker lockout","Standard","Standard","Single","144000","5.54","Median of GS CBL-SP-01, GS CBL-MP-01 × 0.9",""
"LOTO-ELE-011","Electrical lockouts","120 V snap-on breaker lockout","Standard","Standard","Pack of 6","795000","30.58","Median of GS CBL-SP-01, GS CBL-MP-01 × 0.9 × 6 pcs × bulk 0.92",""
"LOTO-ELE-050","Electrical lockouts","120 V snap-on breaker lockout","Standard","Standard","Pack of 50","5040000","193.85","Median of GS CBL-SP-01, GS CBL-MP-01 × 0.9 × 50 pcs × bulk 0.7",""
"LOTO-ELE-012","Electrical lockouts","Multi-pole breaker lockout","Standard","Standard","Single","160000","6.15","Median of GS CBL-MP-01 × 1",""
"LOTO-ELE-013","Electrical lockouts","Multi-pole breaker lockout","Standard","Standard","Pack of 6","883000","33.96","Median of GS CBL-MP-01 × 1 × 6 pcs × bulk 0.92",""
"LOTO-ELE-053","Electrical lockouts","Multi-pole breaker lockout","Standard","Standard","Pack of 50","5600000","215.38","Median of GS CBL-MP-01 × 1 × 50 pcs × bulk 0.7",""
"LOTO-ELE-032","Electrical lockouts","Breaker lockout for holed-tongue switches","Standard","Standard","Single","144000","5.54","Median of GS CBL-SP-01, GS CBL-MP-01 × 0.9",""
"LOTO-ELE-033","Electrical lockouts","Breaker lockout for holed-tongue switches","Standard","Standard","Pack of 6","795000","30.58","Median of GS CBL-SP-01, GS CBL-MP-01 × 0.9 × 6 pcs × bulk 0.92",""
"LOTO-ELE-052","Electrical lockouts","Breaker lockout for holed-tongue switches","Standard","Standard","Pack of 50","5040000","193.85","Median of GS CBL-SP-01, GS CBL-MP-01 × 0.9 × 50 pcs × bulk 0.7",""
"LOTO-ELE-008","Electrical lockouts","Extra cleats for breaker lockouts","120/277 V","Standard","Pack of 6","265000","10.19","Median of GS CBL-SP-01, GS CBL-MP-01 × 0.3 × 6 pcs × bulk 0.92",""
"LOTO-ELE-009","Electrical lockouts","Extra cleats for breaker lockouts","480/600 V","Standard","Pack of 6","265000","10.19","Median of GS CBL-SP-01, GS CBL-MP-01 × 0.3 × 6 pcs × bulk 0.92",""
"LOTO-ELE-034","Electrical lockouts","Low-profile breaker lockout","Standard","Standard","Single","144000","5.54","Median of GS CBL-SP-01, GS CBL-MP-01 × 0.9",""
"LOTO-ELE-035","Electrical lockouts","Low-profile breaker lockout","Standard","Standard","Pack of 6","795000","30.58","Median of GS CBL-SP-01, GS CBL-MP-01 × 0.9 × 6 pcs × bulk 0.92",""
"LOTO-ELE-019","Electrical lockouts","Panel lock rail system","4 in. lock rail (7 loops)","Standard","Single","128000","4.92","Median of GS CBL-SP-01, GS CBL-MP-01 × 0.8",""
"LOTO-ELE-020","Electrical lockouts","Panel lock rail system","4 in. lock rail (7 loops)","Standard","Pack of 6","707000","27.19","Median of GS CBL-SP-01, GS CBL-MP-01 × 0.8 × 6 pcs × bulk 0.92",""
"LOTO-ELE-021","Electrical lockouts","Panel lock rail system","8 in. lock rail (15 loops)","Standard","Single","128000","4.92","Median of GS CBL-SP-01, GS CBL-MP-01 × 0.8",""
"LOTO-ELE-022","Electrical lockouts","Panel lock rail system","8 in. lock rail (15 loops)","Standard","Pack of 6","707000","27.19","Median of GS CBL-SP-01, GS CBL-MP-01 × 0.8 × 6 pcs × bulk 0.92",""
"LOTO-ELE-023","Electrical lockouts","Panel lock rail system","Spacing gasket (15 ft)","Standard","Single","128000","4.92","Median of GS CBL-SP-01, GS CBL-MP-01 × 0.8",""
"LOTO-ELE-024","Electrical lockouts","Panel-mount clamp-on breaker lockout","Standard","Standard","Single","160000","6.15","Median of GS CBL-SP-01, GS CBL-MP-01 × 1",""
"LOTO-ELE-025","Electrical lockouts","Panel-mount clamp-on breaker lockout","Standard","Standard","Pack of 6","883000","33.96","Median of GS CBL-SP-01, GS CBL-MP-01 × 1 × 6 pcs × bulk 0.92",""
"LOTO-ELE-026","Electrical lockouts","Panel-mount snap-on breaker lockout","Standard","Standard","Single","160000","6.15","Median of GS CBL-SP-01, GS CBL-MP-01 × 1",""
"LOTO-ELE-027","Electrical lockouts","Panel-mount snap-on breaker lockout","Standard","Standard","Pack of 6","883000","33.96","Median of GS CBL-SP-01, GS CBL-MP-01 × 1 × 6 pcs × bulk 0.92",""
"LOTO-ELE-018","Electrical lockouts","Breaker blocking system (480–600 V)","Blocking bar holder","Standard","Pack of 5","1178000","45.31","Median of GS CBL-SP-01, GS CBL-MP-01 × 1.6 × 5 pcs × bulk 0.92",""
"LOTO-ELE-016","Electrical lockouts","Breaker blocking system (480–600 V)","Green blocking bar, 7.6 in.","Standard","Pack of 5","1178000","45.31","Median of GS CBL-SP-01, GS CBL-MP-01 × 1.6 × 5 pcs × bulk 0.92",""
"LOTO-ELE-015","Electrical lockouts","Breaker blocking system (480–600 V)","Red blocking bar, 7.6 in.","Standard","Pack of 5","1178000","45.31","Median of GS CBL-SP-01, GS CBL-MP-01 × 1.6 × 5 pcs × bulk 0.92",""
"LOTO-ELE-014","Electrical lockouts","Breaker blocking system (480–600 V)","Starter kit","Standard","Single","256000","9.85","Median of GS CBL-SP-01, GS CBL-MP-01 × 1.6",""
"LOTO-ELE-017","Electrical lockouts","Breaker blocking system (480–600 V)","Yellow mounting rails, 4 in.","Standard","Pack of 2","512000","19.69","Median of GS CBL-SP-01, GS CBL-MP-01 × 1.6 × 2 pcs",""
"PIN IN CBL","Electrical lockouts","Miniature circuit breaker lockout","Pin-in standard","Standard","Pack of 3","358000","13.77","Price list 47.5 (USD, assumed) × 7547 VND (median Odoo ÷ list ratio)",""
"PIN OUT CBL","Electrical lockouts","Miniature circuit breaker lockout","Pin-out standard","Standard","Pack of 3","358000","13.77","Price list 47.5 (USD, assumed) × 7547 VND (median Odoo ÷ list ratio)",""
"CS-CBF","Electrical lockouts","Miniature circuit breaker lockout","Single size","Standard","Single","106000","4.08","Price list 14.1 (USD, assumed) × 7547 VND (median Odoo ÷ list ratio)",""
"LOTO-ELE-037","Electrical lockouts","Miniature circuit breaker lockout","For ABB MS325","Standard","Single","140000","5.38","Median of GS CBL-ABB, GS CBL-EU-R × 1",""
"LOTO-ELE-038","Electrical lockouts","Miniature circuit breaker lockout","For ABB MS325","Standard","Pack of 6","773000","29.73","Median of GS CBL-ABB, GS CBL-EU-R × 1 × 6 pcs × bulk 0.92",""
"LOTO-ELE-041","Electrical lockouts","Miniature circuit breaker lockout","Pin-in standard","Standard","Single","140000","5.38","Median of GS CBL-ABB, GS CBL-EU-R × 1",""
"LOTO-ELE-042","Electrical lockouts","Miniature circuit breaker lockout","Pin-in standard","Standard","Pack of 6","773000","29.73","Median of GS CBL-ABB, GS CBL-EU-R × 1 × 6 pcs × bulk 0.92",""
"LOTO-ELE-039","Electrical lockouts","Miniature circuit breaker lockout","Pin-out standard","Standard","Single","140000","5.38","Median of GS CBL-ABB, GS CBL-EU-R × 1",""
"LOTO-ELE-040","Electrical lockouts","Miniature circuit breaker lockout","Pin-out standard","Standard","Pack of 6","773000","29.73","Median of GS CBL-ABB, GS CBL-EU-R × 1 × 6 pcs × bulk 0.92",""
"LOTO-ELE-043","Electrical lockouts","Miniature circuit breaker lockout","Pin-out wide","Standard","Single","140000","5.38","Median of GS CBL-ABB, GS CBL-EU-R × 1",""
"LOTO-ELE-044","Electrical lockouts","Miniature circuit breaker lockout","Pin-out wide","Standard","Pack of 6","773000","29.73","Median of GS CBL-ABB, GS CBL-EU-R × 1 × 6 pcs × bulk 0.92",""
"LOTO-ELE-045","Electrical lockouts","Miniature circuit breaker lockout","Rotary switch","Standard","Single","140000","5.38","Median of GS CBL-ABB, GS CBL-EU-R × 1",""
"LOTO-ELE-046","Electrical lockouts","Miniature circuit breaker lockout","Tie-bar","Standard","Single","140000","5.38","Median of GS CBL-ABB, GS CBL-EU-R × 1",""
"LOTO-ELE-047","Electrical lockouts","Miniature circuit breaker lockout","Tie-bar","Standard","Pack of 6","773000","29.73","Median of GS CBL-ABB, GS CBL-EU-R × 1 × 6 pcs × bulk 0.92",""
"LOTO-ELE-036","Electrical lockouts","Miniature circuit breaker lockout","Universal fit","Standard","Pack of 6","773000","29.73","Median of GS CBL-ABB, GS CBL-EU-R × 1 × 6 pcs × bulk 0.92",""
"V-UBL-SN","Electrical lockouts","Circuit breaker lockout (Handyman range)","Universal, adjustable nut","Standard","Single","150000","5.77","Price list 19.9 (USD, assumed) × 7547 VND (median Odoo ÷ list ratio)",""
"CBL SET","Electrical lockouts","Circuit breaker lockout sets","3 different sizes","Standard","Single","358000","13.77","Price list 47.5 (USD, assumed) × 7547 VND (median Odoo ÷ list ratio)",""
"V-CBF-COMBO","Electrical lockouts","Circuit breaker lockout sets","Miniature combo","Standard","Single","453000","17.42","Price list 60 (USD, assumed) × 7547 VND (median Odoo ÷ list ratio)",""
"V-HPL","Switch, gas & air lockouts","Pendant & hoist controller cover","Hoist controller lockout","Standard","Single","361000","13.88","Price list 47.8 (USD, assumed) × 7547 VND (median Odoo ÷ list ratio)",""
"LOTO-SGA-001","Switch, gas & air lockouts","Pendant & hoist controller cover","Pendant control cover","Expands to 18 in.","Single","320000","12.31","Median of GS EPL-HL-1 × 1",""
"LOTO-SGA-002","Switch, gas & air lockouts","Pendant & hoist controller cover","Pendant control cover","Expands to 39 in.","Single","320000","12.31","Median of GS EPL-HL-1 × 1",""
"LOTO-SGA-007","Switch, gas & air lockouts","Push button safety cover (base + cover)","Clear cover","16 mm","Short cover","152000","5.85","Median of GS EPL - 45 × 0.8",""
"LOTO-SGA-008","Switch, gas & air lockouts","Push button safety cover (base + cover)","Clear cover","16 mm","Tall cover","152000","5.85","Median of GS EPL - 45 × 0.8",""
"LOTO-SGA-009","Switch, gas & air lockouts","Push button safety cover (base + cover)","Clear cover","22 mm","Medium cover","152000","5.85","Median of GS EPL - 45 × 0.8",""
"LOTO-SGA-010","Switch, gas & air lockouts","Push button safety cover (base + cover)","Clear cover","30 mm","Medium cover","152000","5.85","Median of GS EPL - 45 × 0.8",""
"LOTO-SGA-011","Switch, gas & air lockouts","Push button safety cover (base + cover)","Extra bases (clear)","16 mm","Pack of 5","699000","26.88","Median of GS EPL - 45 × 0.8 × 5 pcs × bulk 0.92",""
"LOTO-SGA-012","Switch, gas & air lockouts","Push button safety cover (base + cover)","Extra bases (clear)","22 mm","Pack of 5","699000","26.88","Median of GS EPL - 45 × 0.8 × 5 pcs × bulk 0.92",""
"LOTO-SGA-013","Switch, gas & air lockouts","Push button safety cover (base + cover)","Extra bases (clear)","30 mm","Pack of 5","699000","26.88","Median of GS EPL - 45 × 0.8 × 5 pcs × bulk 0.92",""
"LOTO-SGA-003","Switch, gas & air lockouts","Push button safety cover (base + cover)","Red cover","16 mm","Short cover","152000","5.85","Median of GS EPL - 45 × 0.8",""
"LOTO-SGA-004","Switch, gas & air lockouts","Push button safety cover (base + cover)","Red cover","16 mm","Tall cover","152000","5.85","Median of GS EPL - 45 × 0.8",""
"LOTO-SGA-005","Switch, gas & air lockouts","Push button safety cover (base + cover)","Red cover","22 mm","Medium cover","152000","5.85","Median of GS EPL - 45 × 0.8",""
"LOTO-SGA-006","Switch, gas & air lockouts","Push button safety cover (base + cover)","Red cover","30 mm","Medium cover","152000","5.85","Median of GS EPL - 45 × 0.8",""
"V-MPB","Switch, gas & air lockouts","Push button & emergency stop cover","Mushroom push button lockout","Standard","Single","170000","6.54","Price list 22.5 (USD, assumed) × 7547 VND (median Odoo ÷ list ratio)",""
"V-CIR-22","Switch, gas & air lockouts","Push button & emergency stop cover","Push button switch lockout","22 mm","Single","94000","3.62","Price list 12.5 (USD, assumed) × 7547 VND (median Odoo ÷ list ratio)",""
"LOTO-SGA-028","Switch, gas & air lockouts","Push button & emergency stop cover","Clear and metal hinged cover","Standard","Single","152000","5.85","Median of GS EPL - 45 × 0.8",""
"LOTO-SGA-027","Switch, gas & air lockouts","Push button & emergency stop cover","Clear hinged cover with legend plate","Standard","Single","152000","5.85","Median of GS EPL - 45 × 0.8",""
"LOTO-SGA-017","Switch, gas & air lockouts","Push button & emergency stop cover","Emergency stop","IEC 22.5 mm","Single","152000","5.85","Median of GS EPL - 45 × 0.8",""
"LOTO-SGA-016","Switch, gas & air lockouts","Push button & emergency stop cover","Emergency stop","NEMA 30.5 mm","Single","152000","5.85","Median of GS EPL - 45 × 0.8",""
"LOTO-SGA-015","Switch, gas & air lockouts","Push button & emergency stop cover","Push button","IEC 22.5 mm","Single","152000","5.85","Median of GS EPL - 45 × 0.8",""
"LOTO-SGA-014","Switch, gas & air lockouts","Push button & emergency stop cover","Push button","NEMA 30.5 mm","Single","152000","5.85","Median of GS EPL - 45 × 0.8",""
"LOTO-SGA-018","Switch, gas & air lockouts","Wall switch lockout","Standard","Standard","Pack of 6","883000","33.96","Median of GS CBL-WS-01 × 1 × 6 pcs × bulk 0.92",""
"LOTO-SGA-019","Switch, gas & air lockouts","Pneumatic quick-disconnect lockout","Standard","Standard","Single","200000","7.69","Median of GS CLO-1E × 1",""
"LOTO-SGA-020","Switch, gas & air lockouts","Pneumatic quick-disconnect lockout","Standard","Standard","Pack of 6","1104000","42.46","Median of GS CLO-1E × 1 × 6 pcs × bulk 0.92",""
"LOTO-SGA-023","Switch, gas & air lockouts","Gas cylinder lockout cap","High pressure","Coarse thread","Single","320000","12.31","Median of GS CLO-1E × 1.6",""
"LOTO-SGA-021","Switch, gas & air lockouts","Gas cylinder lockout cap","High pressure","Fine thread","Single","320000","12.31","Median of GS CLO-1E × 1.6",""
"LOTO-SGA-024","Switch, gas & air lockouts","Gas cylinder lockout cap","Low pressure","Coarse thread","Single","320000","12.31","Median of GS CLO-1E × 1.6",""
"LOTO-SGA-022","Switch, gas & air lockouts","Gas cylinder lockout cap","Low pressure","Fine thread","Single","320000","12.31","Median of GS CLO-1E × 1.6",""
"LOTO-SGA-025","Switch, gas & air lockouts","Air line regulator lockout","For AR2000 / NAR2000 regulators","Standard","Single","200000","7.69","Median of GS CLO-1E × 1",""
"LOTO-SGA-026","Switch, gas & air lockouts","Air line regulator lockout","For AR3000 / NAR3000 regulators","Standard","Single","200000","7.69","Median of GS CLO-1E × 1",""
"LOTO-FUS-002","Fuse & terminal lockouts","Fuse lockout device","Standard","9/16 in.","Pack of 6","662000","25.46","Median of GS CBL-SP-01 × 0.8 × 6 pcs × bulk 0.92",""
"LOTO-FUS-001","Fuse & terminal lockouts","Fuse lockout device","Standard","13/32 in.","Pack of 6","662000","25.46","Median of GS CBL-SP-01 × 0.8 × 6 pcs × bulk 0.92",""
"LOTO-FUS-004","Fuse & terminal lockouts","Fuse blockout device","Standard","Large","Pack of 6","662000","25.46","Median of GS CBL-SP-01 × 0.8 × 6 pcs × bulk 0.92",""
"LOTO-FUS-003","Fuse & terminal lockouts","Fuse blockout device","Standard","Small","Pack of 6","662000","25.46","Median of GS CBL-SP-01 × 0.8 × 6 pcs × bulk 0.92",""
"LOTO-FUS-005","Fuse & terminal lockouts","Universal fuse lockout","Standard","Standard","Single","180000","6.92","Median of GS CBL-SP-01 × 1.2",""
"LOTO-FUS-006","Fuse & terminal lockouts","Fuse & terminal block lockout","0.56 in. fuse blocks","Standard","Pack of 2","180000","6.92","Median of GS CBL-SP-01 × 0.6 × 2 pcs",""
"LOTO-FUS-007","Fuse & terminal lockouts","Fuse & terminal block lockout","0.56 in. fuse blocks","Standard","Pack of 50","3150000","121.15","Median of GS CBL-SP-01 × 0.6 × 50 pcs × bulk 0.7",""
"LOTO-FUS-008","Fuse & terminal lockouts","Fuse & terminal block lockout","Modular fuse blocks (USSC2)","Standard","Pack of 2","180000","6.92","Median of GS CBL-SP-01 × 0.6 × 2 pcs",""
"LOTO-FUS-009","Fuse & terminal lockouts","Fuse & terminal block lockout","Modular fuse blocks (USSC2)","Standard","Pack of 50","3150000","121.15","Median of GS CBL-SP-01 × 0.6 × 50 pcs × bulk 0.7",""
"LOTO-FUS-010","Fuse & terminal lockouts","Fuse & terminal block lockout","NEC fuse blocks (GE type)","Standard","Pack of 2","180000","6.92","Median of GS CBL-SP-01 × 0.6 × 2 pcs",""
"LOTO-FUS-011","Fuse & terminal lockouts","Fuse & terminal block lockout","NEC fuse blocks (GE type)","Standard","Pack of 50","3150000","121.15","Median of GS CBL-SP-01 × 0.6 × 50 pcs × bulk 0.7",""
"LOTO-FUS-012","Fuse & terminal lockouts","Fuse & terminal block lockout","Terminal blocks","Standard","Pack of 2","180000","6.92","Median of GS CBL-SP-01 × 0.6 × 2 pcs",""
"LOTO-FUS-013","Fuse & terminal lockouts","Fuse & terminal block lockout","Terminal blocks","Standard","Pack of 50","3150000","121.15","Median of GS CBL-SP-01 × 0.6 × 50 pcs × bulk 0.7",""
"LOTO-PLG-001","Plug & vehicle lockouts","Forklift battery connector lockout","Standard","Standard","Single","272000","10.46","Median of GS CBL-MFU × 1.6",""
"LOTO-PLG-003","Plug & vehicle lockouts","EV charging lockout","Charging plug lockout (NACS)","Standard","Single","272000","10.46","Median of GS CBL-MFU × 1.6",""
"LOTO-PLG-002","Plug & vehicle lockouts","EV charging lockout","Charging port lockout","Standard","Single","272000","10.46","Median of GS CBL-MFU × 1.6",""
"LOTO-PLG-004","Plug & vehicle lockouts","Trailer air line (glad hand) lockout","Standard","Standard","Single","204000","7.85","Median of GS CBL-MFU × 1.2",""
"LOTO-PLG-005","Plug & vehicle lockouts","Trailer air line (glad hand) lockout","Standard","Standard","Pack of 6","1126000","43.31","Median of GS CBL-MFU × 1.2 × 6 pcs × bulk 0.92",""
"LOTO-PLG-006","Plug & vehicle lockouts","Steering wheel safety cover","Standard","12 in.","Single","204000","7.85","Median of GS CBL-MFU × 1.2",""
"LOTO-PLG-007","Plug & vehicle lockouts","Steering wheel safety cover","Standard","16 in.","Single","204000","7.85","Median of GS CBL-MFU × 1.2",""
"LOTO-PLG-008","Plug & vehicle lockouts","Steering wheel safety cover","Standard","20 in.","Single","204000","7.85","Median of GS CBL-MFU × 1.2",""
"LOTO-PLG-011","Plug & vehicle lockouts","Battery cable lockout","Standard","Large","Single","204000","7.85","Median of GS CBL-MFU × 1.2",""
"LOTO-PLG-012","Plug & vehicle lockouts","Battery cable lockout","Standard","Large","Pack of 24","4162000","160.08","Median of GS CBL-MFU × 1.2 × 24 pcs × bulk 0.85",""
"LOTO-PLG-009","Plug & vehicle lockouts","Battery cable lockout","Standard","Small","Single","204000","7.85","Median of GS CBL-MFU × 1.2",""
"LOTO-PLG-010","Plug & vehicle lockouts","Battery cable lockout","Standard","Small","Pack of 24","4162000","160.08","Median of GS CBL-MFU × 1.2 × 24 pcs × bulk 0.85",""
"LOTO-PLG-013","Plug & vehicle lockouts","Detachable IEC plug lockout","Standard","Standard","Single","250000","9.62","Median of GS EPL-PCL × 1",""
"LOTO-PLG-015","Plug & vehicle lockouts","Heavy-duty plug lockout","Standard","Large","Single","350000","13.46","Median of GS EPL-PCL × 1.4",""
"LOTO-PLG-014","Plug & vehicle lockouts","Heavy-duty plug lockout","Standard","Small","Single","350000","13.46","Median of GS EPL-PCL × 1.4",""
"V-CLO-E","Plug & vehicle lockouts","Electrical plug lockout","Electrical plug lockout","Standard","Single","392000","15.08","Price list 51.9 (USD, assumed) × 7547 VND (median Odoo ÷ list ratio)",""
"LOTO-PLG-016","Plug & vehicle lockouts","Electrical plug lockout","Standard","Small, 110 V","Single","250000","9.62","Median of GS EPL-PCL × 1",""
"LOTO-PLG-017","Plug & vehicle lockouts","Electrical plug lockout","Standard","Large, 220/500 V","Single","250000","9.62","Median of GS EPL-PCL × 1",""
"LOTO-PLG-018","Plug & vehicle lockouts","3-in-1 plug lockout","Standard","Standard","Single","300000","11.54","Median of GS EPL-PCL × 1.2",""
"V-LPLO","Plug & vehicle lockouts","Electrical / pneumatic plug lockout","Standard","Big","Single","349000","13.42","Price list 46.2 (USD, assumed) × 7547 VND (median Odoo ÷ list ratio)",""
"V-SPLO","Plug & vehicle lockouts","Electrical / pneumatic plug lockout","Standard","Small","Single","202000","7.77","Price list 26.8 (USD, assumed) × 7547 VND (median Odoo ÷ list ratio)",""
"LOTO-PLG-019","Plug & vehicle lockouts","Electrical / pneumatic plug lockout","Standard","Standard","Single","275000","10.58","Median of GS EPL-PCL × 1.1",""
"V-RP15","Plug & vehicle lockouts","Pin & sleeve plug / socket lockout","Plug lockout, yellow","Standard","Single","155000","5.96","Price list 20.5 (USD, assumed) × 7547 VND (median Odoo ÷ list ratio)",""
"V-RS14 - M","Plug & vehicle lockouts","Pin & sleeve plug / socket lockout","Socket lockout, 415 V, red","Standard","Single","227000","8.73","Price list 30.1 (USD, assumed) × 7547 VND (median Odoo ÷ list ratio)",""
"V-RS14 - B","Plug & vehicle lockouts","Pin & sleeve plug / socket lockout","Socket lockout, 500 V, red","Standard","Single","254000","9.77","Price list 33.6 (USD, assumed) × 7547 VND (median Odoo ÷ list ratio)",""
"LOTO-CSP-001","Confined space covers","Confined space cover, elastic","Standard","Fits 18 in. opening","Single","576000","22.15","Median of GS EPL-HL-1 × 1.8",""
"LOTO-CSP-002","Confined space covers","Confined space cover, elastic","Standard","Fits 22 in. opening","Single","576000","22.15","Median of GS EPL-HL-1 × 1.8",""
"LOTO-CSP-003","Confined space covers","Confined space cover, elastic","Standard","Fits 30 in. opening","Single","576000","22.15","Median of GS EPL-HL-1 × 1.8",""
"LOTO-CSP-004","Confined space covers","Confined space cover, elastic","Standard","Fits 36 in. opening","Single","576000","22.15","Median of GS EPL-HL-1 × 1.8",""
"LOTO-CSP-005","Confined space covers","Confined space cover, elastic","Standard","Fits 42 in. opening","Single","576000","22.15","Median of GS EPL-HL-1 × 1.8",""
"LOTO-CSP-007","Confined space covers","Confined space cover, magnetic","Standard","Small, up to 20 in.","Single","704000","27.08","Median of GS EPL-HL-1 × 2.2",""
"LOTO-CSP-006","Confined space covers","Confined space cover, magnetic","Standard","X-Small, up to 20 in.","Single","704000","27.08","Median of GS EPL-HL-1 × 2.2",""
"LOTO-CSP-009","Confined space covers","Confined space cover, magnetic","Standard","Large, up to 28 in.","Single","704000","27.08","Median of GS EPL-HL-1 × 2.2",""
"LOTO-CSP-008","Confined space covers","Confined space cover, magnetic","Standard","Medium, up to 28 in.","Single","704000","27.08","Median of GS EPL-HL-1 × 2.2",""
"LOTO-CSP-010","Confined space covers","Confined space cover, magnetic","Standard","X-Large, up to 34 in.","Single","704000","27.08","Median of GS EPL-HL-1 × 2.2",""
"LOTO-CSP-015","Confined space covers","Confined space manhole sign","Caution – do not enter without a permit","21 × 30 in.","Single","384000","14.77","Median of GS EPL-HL-1 × 1.2",""
"LOTO-CSP-012","Confined space covers","Confined space manhole sign","Danger – call your supervisor","21 × 30 in.","Single","384000","14.77","Median of GS EPL-HL-1 × 1.2",""
"LOTO-CSP-013","Confined space covers","Confined space manhole sign","Danger – call your supervisor","30.5 × 42 in.","Single","384000","14.77","Median of GS EPL-HL-1 × 1.2",""
"LOTO-CSP-011","Confined space covers","Confined space manhole sign","Danger – enter by permit only","21 × 30 in.","Single","384000","14.77","Median of GS EPL-HL-1 × 1.2",""
"LOTO-CSP-014","Confined space covers","Confined space manhole sign","Danger – entry can be fatal, follow all procedures","21 × 30 in.","Single","384000","14.77","Median of GS EPL-HL-1 × 1.2",""
"LOTO-TAG-114","Lockout tags","Standard lockout tags (25 pack)","Design 1","Cardstock","Reverse legend B","476000","18.31","Median of GS S-TAG, GS S-TAG-7 × 1.7 × 25 pcs × bulk 0.7",""
"LOTO-TAG-115","Lockout tags","Standard lockout tags (25 pack)","Design 1","Cardstock","Reverse legend F","476000","18.31","Median of GS S-TAG, GS S-TAG-7 × 1.7 × 25 pcs × bulk 0.7",""
"LOTO-TAG-116","Lockout tags","Standard lockout tags (25 pack)","Design 1","Cardstock","Reverse legend G","476000","18.31","Median of GS S-TAG, GS S-TAG-7 × 1.7 × 25 pcs × bulk 0.7",""
"LOTO-TAG-111","Lockout tags","Standard lockout tags (25 pack)","Design 1","Economy polyester","Reverse legend B","476000","18.31","Median of GS S-TAG, GS S-TAG-7 × 1.7 × 25 pcs × bulk 0.7",""
"LOTO-TAG-112","Lockout tags","Standard lockout tags (25 pack)","Design 1","Economy polyester","Reverse legend F","476000","18.31","Median of GS S-TAG, GS S-TAG-7 × 1.7 × 25 pcs × bulk 0.7",""
"LOTO-TAG-113","Lockout tags","Standard lockout tags (25 pack)","Design 1","Economy polyester","Reverse legend G","476000","18.31","Median of GS S-TAG, GS S-TAG-7 × 1.7 × 25 pcs × bulk 0.7",""
"LOTO-TAG-108","Lockout tags","Standard lockout tags (25 pack)","Design 1","Heavy-duty polyester","Reverse legend B","476000","18.31","Median of GS S-TAG, GS S-TAG-7 × 1.7 × 25 pcs × bulk 0.7",""
"LOTO-TAG-109","Lockout tags","Standard lockout tags (25 pack)","Design 1","Heavy-duty polyester","Reverse legend F","476000","18.31","Median of GS S-TAG, GS S-TAG-7 × 1.7 × 25 pcs × bulk 0.7",""
"LOTO-TAG-110","Lockout tags","Standard lockout tags (25 pack)","Design 1","Heavy-duty polyester","Reverse legend G","476000","18.31","Median of GS S-TAG, GS S-TAG-7 × 1.7 × 25 pcs × bulk 0.7",""
"LOTO-TAG-123","Lockout tags","Standard lockout tags (25 pack)","Design 2","Cardstock","Reverse legend B","476000","18.31","Median of GS S-TAG, GS S-TAG-7 × 1.7 × 25 pcs × bulk 0.7",""
"LOTO-TAG-124","Lockout tags","Standard lockout tags (25 pack)","Design 2","Cardstock","Reverse legend F","476000","18.31","Median of GS S-TAG, GS S-TAG-7 × 1.7 × 25 pcs × bulk 0.7",""
"LOTO-TAG-125","Lockout tags","Standard lockout tags (25 pack)","Design 2","Cardstock","Reverse legend G","476000","18.31","Median of GS S-TAG, GS S-TAG-7 × 1.7 × 25 pcs × bulk 0.7",""
"LOTO-TAG-120","Lockout tags","Standard lockout tags (25 pack)","Design 2","Economy polyester","Reverse legend B","476000","18.31","Median of GS S-TAG, GS S-TAG-7 × 1.7 × 25 pcs × bulk 0.7",""
"LOTO-TAG-121","Lockout tags","Standard lockout tags (25 pack)","Design 2","Economy polyester","Reverse legend F","476000","18.31","Median of GS S-TAG, GS S-TAG-7 × 1.7 × 25 pcs × bulk 0.7",""
"LOTO-TAG-122","Lockout tags","Standard lockout tags (25 pack)","Design 2","Economy polyester","Reverse legend G","476000","18.31","Median of GS S-TAG, GS S-TAG-7 × 1.7 × 25 pcs × bulk 0.7",""
"LOTO-TAG-117","Lockout tags","Standard lockout tags (25 pack)","Design 2","Heavy-duty polyester","Reverse legend B","476000","18.31","Median of GS S-TAG, GS S-TAG-7 × 1.7 × 25 pcs × bulk 0.7",""
"LOTO-TAG-118","Lockout tags","Standard lockout tags (25 pack)","Design 2","Heavy-duty polyester","Reverse legend F","476000","18.31","Median of GS S-TAG, GS S-TAG-7 × 1.7 × 25 pcs × bulk 0.7",""
"LOTO-TAG-119","Lockout tags","Standard lockout tags (25 pack)","Design 2","Heavy-duty polyester","Reverse legend G","476000","18.31","Median of GS S-TAG, GS S-TAG-7 × 1.7 × 25 pcs × bulk 0.7",""
"LOTO-TAG-132","Lockout tags","Standard lockout tags (25 pack)","Design 3","Cardstock","Reverse legend B","476000","18.31","Median of GS S-TAG, GS S-TAG-7 × 1.7 × 25 pcs × bulk 0.7",""
"LOTO-TAG-133","Lockout tags","Standard lockout tags (25 pack)","Design 3","Cardstock","Reverse legend F","476000","18.31","Median of GS S-TAG, GS S-TAG-7 × 1.7 × 25 pcs × bulk 0.7",""
"LOTO-TAG-134","Lockout tags","Standard lockout tags (25 pack)","Design 3","Cardstock","Reverse legend G","476000","18.31","Median of GS S-TAG, GS S-TAG-7 × 1.7 × 25 pcs × bulk 0.7",""
"LOTO-TAG-129","Lockout tags","Standard lockout tags (25 pack)","Design 3","Economy polyester","Reverse legend B","476000","18.31","Median of GS S-TAG, GS S-TAG-7 × 1.7 × 25 pcs × bulk 0.7",""
"LOTO-TAG-130","Lockout tags","Standard lockout tags (25 pack)","Design 3","Economy polyester","Reverse legend F","476000","18.31","Median of GS S-TAG, GS S-TAG-7 × 1.7 × 25 pcs × bulk 0.7",""
"LOTO-TAG-131","Lockout tags","Standard lockout tags (25 pack)","Design 3","Economy polyester","Reverse legend G","476000","18.31","Median of GS S-TAG, GS S-TAG-7 × 1.7 × 25 pcs × bulk 0.7",""
"LOTO-TAG-126","Lockout tags","Standard lockout tags (25 pack)","Design 3","Heavy-duty polyester","Reverse legend B","476000","18.31","Median of GS S-TAG, GS S-TAG-7 × 1.7 × 25 pcs × bulk 0.7",""
"LOTO-TAG-127","Lockout tags","Standard lockout tags (25 pack)","Design 3","Heavy-duty polyester","Reverse legend F","476000","18.31","Median of GS S-TAG, GS S-TAG-7 × 1.7 × 25 pcs × bulk 0.7",""
"LOTO-TAG-128","Lockout tags","Standard lockout tags (25 pack)","Design 3","Heavy-duty polyester","Reverse legend G","476000","18.31","Median of GS S-TAG, GS S-TAG-7 × 1.7 × 25 pcs × bulk 0.7",""
"LOTO-TAG-141","Lockout tags","Standard lockout tags (25 pack)","Design 4","Cardstock","Reverse legend B","476000","18.31","Median of GS S-TAG, GS S-TAG-7 × 1.7 × 25 pcs × bulk 0.7",""
"LOTO-TAG-142","Lockout tags","Standard lockout tags (25 pack)","Design 4","Cardstock","Reverse legend F","476000","18.31","Median of GS S-TAG, GS S-TAG-7 × 1.7 × 25 pcs × bulk 0.7",""
"LOTO-TAG-143","Lockout tags","Standard lockout tags (25 pack)","Design 4","Cardstock","Reverse legend G","476000","18.31","Median of GS S-TAG, GS S-TAG-7 × 1.7 × 25 pcs × bulk 0.7",""
"LOTO-TAG-138","Lockout tags","Standard lockout tags (25 pack)","Design 4","Economy polyester","Reverse legend B","476000","18.31","Median of GS S-TAG, GS S-TAG-7 × 1.7 × 25 pcs × bulk 0.7",""
"LOTO-TAG-139","Lockout tags","Standard lockout tags (25 pack)","Design 4","Economy polyester","Reverse legend F","476000","18.31","Median of GS S-TAG, GS S-TAG-7 × 1.7 × 25 pcs × bulk 0.7",""
"LOTO-TAG-140","Lockout tags","Standard lockout tags (25 pack)","Design 4","Economy polyester","Reverse legend G","476000","18.31","Median of GS S-TAG, GS S-TAG-7 × 1.7 × 25 pcs × bulk 0.7",""
"LOTO-TAG-135","Lockout tags","Standard lockout tags (25 pack)","Design 4","Heavy-duty polyester","Reverse legend B","476000","18.31","Median of GS S-TAG, GS S-TAG-7 × 1.7 × 25 pcs × bulk 0.7",""
"LOTO-TAG-136","Lockout tags","Standard lockout tags (25 pack)","Design 4","Heavy-duty polyester","Reverse legend F","476000","18.31","Median of GS S-TAG, GS S-TAG-7 × 1.7 × 25 pcs × bulk 0.7",""
"LOTO-TAG-137","Lockout tags","Standard lockout tags (25 pack)","Design 4","Heavy-duty polyester","Reverse legend G","476000","18.31","Median of GS S-TAG, GS S-TAG-7 × 1.7 × 25 pcs × bulk 0.7",""
"LOTO-TAG-150","Lockout tags","Standard lockout tags (25 pack)","Design 5","Cardstock","Reverse legend B","476000","18.31","Median of GS S-TAG, GS S-TAG-7 × 1.7 × 25 pcs × bulk 0.7",""
"LOTO-TAG-151","Lockout tags","Standard lockout tags (25 pack)","Design 5","Cardstock","Reverse legend F","476000","18.31","Median of GS S-TAG, GS S-TAG-7 × 1.7 × 25 pcs × bulk 0.7",""
"LOTO-TAG-152","Lockout tags","Standard lockout tags (25 pack)","Design 5","Cardstock","Reverse legend G","476000","18.31","Median of GS S-TAG, GS S-TAG-7 × 1.7 × 25 pcs × bulk 0.7",""
"LOTO-TAG-147","Lockout tags","Standard lockout tags (25 pack)","Design 5","Economy polyester","Reverse legend B","476000","18.31","Median of GS S-TAG, GS S-TAG-7 × 1.7 × 25 pcs × bulk 0.7",""
"LOTO-TAG-148","Lockout tags","Standard lockout tags (25 pack)","Design 5","Economy polyester","Reverse legend F","476000","18.31","Median of GS S-TAG, GS S-TAG-7 × 1.7 × 25 pcs × bulk 0.7",""
"LOTO-TAG-149","Lockout tags","Standard lockout tags (25 pack)","Design 5","Economy polyester","Reverse legend G","476000","18.31","Median of GS S-TAG, GS S-TAG-7 × 1.7 × 25 pcs × bulk 0.7",""
"LOTO-TAG-144","Lockout tags","Standard lockout tags (25 pack)","Design 5","Heavy-duty polyester","Reverse legend B","476000","18.31","Median of GS S-TAG, GS S-TAG-7 × 1.7 × 25 pcs × bulk 0.7",""
"LOTO-TAG-145","Lockout tags","Standard lockout tags (25 pack)","Design 5","Heavy-duty polyester","Reverse legend F","476000","18.31","Median of GS S-TAG, GS S-TAG-7 × 1.7 × 25 pcs × bulk 0.7",""
"LOTO-TAG-146","Lockout tags","Standard lockout tags (25 pack)","Design 5","Heavy-duty polyester","Reverse legend G","476000","18.31","Median of GS S-TAG, GS S-TAG-7 × 1.7 × 25 pcs × bulk 0.7",""
"LOTO-TAG-159","Lockout tags","Standard lockout tags (25 pack)","Design 6","Cardstock","Reverse legend B","476000","18.31","Median of GS S-TAG, GS S-TAG-7 × 1.7 × 25 pcs × bulk 0.7",""
"LOTO-TAG-160","Lockout tags","Standard lockout tags (25 pack)","Design 6","Cardstock","Reverse legend F","476000","18.31","Median of GS S-TAG, GS S-TAG-7 × 1.7 × 25 pcs × bulk 0.7",""
"LOTO-TAG-161","Lockout tags","Standard lockout tags (25 pack)","Design 6","Cardstock","Reverse legend G","476000","18.31","Median of GS S-TAG, GS S-TAG-7 × 1.7 × 25 pcs × bulk 0.7",""
"LOTO-TAG-156","Lockout tags","Standard lockout tags (25 pack)","Design 6","Economy polyester","Reverse legend B","476000","18.31","Median of GS S-TAG, GS S-TAG-7 × 1.7 × 25 pcs × bulk 0.7",""
"LOTO-TAG-157","Lockout tags","Standard lockout tags (25 pack)","Design 6","Economy polyester","Reverse legend F","476000","18.31","Median of GS S-TAG, GS S-TAG-7 × 1.7 × 25 pcs × bulk 0.7",""
"LOTO-TAG-158","Lockout tags","Standard lockout tags (25 pack)","Design 6","Economy polyester","Reverse legend G","476000","18.31","Median of GS S-TAG, GS S-TAG-7 × 1.7 × 25 pcs × bulk 0.7",""
"LOTO-TAG-153","Lockout tags","Standard lockout tags (25 pack)","Design 6","Heavy-duty polyester","Reverse legend B","476000","18.31","Median of GS S-TAG, GS S-TAG-7 × 1.7 × 25 pcs × bulk 0.7",""
"LOTO-TAG-154","Lockout tags","Standard lockout tags (25 pack)","Design 6","Heavy-duty polyester","Reverse legend F","476000","18.31","Median of GS S-TAG, GS S-TAG-7 × 1.7 × 25 pcs × bulk 0.7",""
"LOTO-TAG-155","Lockout tags","Standard lockout tags (25 pack)","Design 6","Heavy-duty polyester","Reverse legend G","476000","18.31","Median of GS S-TAG, GS S-TAG-7 × 1.7 × 25 pcs × bulk 0.7",""
"LOTO-TAG-168","Lockout tags","Standard lockout tags (25 pack)","Design 7","Cardstock","Reverse legend B","476000","18.31","Median of GS S-TAG, GS S-TAG-7 × 1.7 × 25 pcs × bulk 0.7",""
"LOTO-TAG-169","Lockout tags","Standard lockout tags (25 pack)","Design 7","Cardstock","Reverse legend F","476000","18.31","Median of GS S-TAG, GS S-TAG-7 × 1.7 × 25 pcs × bulk 0.7",""
"LOTO-TAG-170","Lockout tags","Standard lockout tags (25 pack)","Design 7","Cardstock","Reverse legend G","476000","18.31","Median of GS S-TAG, GS S-TAG-7 × 1.7 × 25 pcs × bulk 0.7",""
"LOTO-TAG-165","Lockout tags","Standard lockout tags (25 pack)","Design 7","Economy polyester","Reverse legend B","476000","18.31","Median of GS S-TAG, GS S-TAG-7 × 1.7 × 25 pcs × bulk 0.7",""
"LOTO-TAG-166","Lockout tags","Standard lockout tags (25 pack)","Design 7","Economy polyester","Reverse legend F","476000","18.31","Median of GS S-TAG, GS S-TAG-7 × 1.7 × 25 pcs × bulk 0.7",""
"LOTO-TAG-167","Lockout tags","Standard lockout tags (25 pack)","Design 7","Economy polyester","Reverse legend G","476000","18.31","Median of GS S-TAG, GS S-TAG-7 × 1.7 × 25 pcs × bulk 0.7",""
"LOTO-TAG-162","Lockout tags","Standard lockout tags (25 pack)","Design 7","Heavy-duty polyester","Reverse legend B","476000","18.31","Median of GS S-TAG, GS S-TAG-7 × 1.7 × 25 pcs × bulk 0.7",""
"LOTO-TAG-163","Lockout tags","Standard lockout tags (25 pack)","Design 7","Heavy-duty polyester","Reverse legend F","476000","18.31","Median of GS S-TAG, GS S-TAG-7 × 1.7 × 25 pcs × bulk 0.7",""
"LOTO-TAG-164","Lockout tags","Standard lockout tags (25 pack)","Design 7","Heavy-duty polyester","Reverse legend G","476000","18.31","Median of GS S-TAG, GS S-TAG-7 × 1.7 × 25 pcs × bulk 0.7",""
"LOTO-TAG-177","Lockout tags","Standard lockout tags (25 pack)","Design 8","Cardstock","Reverse legend B","476000","18.31","Median of GS S-TAG, GS S-TAG-7 × 1.7 × 25 pcs × bulk 0.7",""
"LOTO-TAG-178","Lockout tags","Standard lockout tags (25 pack)","Design 8","Cardstock","Reverse legend F","476000","18.31","Median of GS S-TAG, GS S-TAG-7 × 1.7 × 25 pcs × bulk 0.7",""
"LOTO-TAG-179","Lockout tags","Standard lockout tags (25 pack)","Design 8","Cardstock","Reverse legend G","476000","18.31","Median of GS S-TAG, GS S-TAG-7 × 1.7 × 25 pcs × bulk 0.7",""
"LOTO-TAG-174","Lockout tags","Standard lockout tags (25 pack)","Design 8","Economy polyester","Reverse legend B","476000","18.31","Median of GS S-TAG, GS S-TAG-7 × 1.7 × 25 pcs × bulk 0.7",""
"LOTO-TAG-175","Lockout tags","Standard lockout tags (25 pack)","Design 8","Economy polyester","Reverse legend F","476000","18.31","Median of GS S-TAG, GS S-TAG-7 × 1.7 × 25 pcs × bulk 0.7",""
"LOTO-TAG-176","Lockout tags","Standard lockout tags (25 pack)","Design 8","Economy polyester","Reverse legend G","476000","18.31","Median of GS S-TAG, GS S-TAG-7 × 1.7 × 25 pcs × bulk 0.7",""
"LOTO-TAG-171","Lockout tags","Standard lockout tags (25 pack)","Design 8","Heavy-duty polyester","Reverse legend B","476000","18.31","Median of GS S-TAG, GS S-TAG-7 × 1.7 × 25 pcs × bulk 0.7",""
"LOTO-TAG-172","Lockout tags","Standard lockout tags (25 pack)","Design 8","Heavy-duty polyester","Reverse legend F","476000","18.31","Median of GS S-TAG, GS S-TAG-7 × 1.7 × 25 pcs × bulk 0.7",""
"LOTO-TAG-173","Lockout tags","Standard lockout tags (25 pack)","Design 8","Heavy-duty polyester","Reverse legend G","476000","18.31","Median of GS S-TAG, GS S-TAG-7 × 1.7 × 25 pcs × bulk 0.7",""
"LOTO-TAG-186","Lockout tags","Standard lockout tags (25 pack)","Design 9","Cardstock","Reverse legend B","476000","18.31","Median of GS S-TAG, GS S-TAG-7 × 1.7 × 25 pcs × bulk 0.7",""
"LOTO-TAG-187","Lockout tags","Standard lockout tags (25 pack)","Design 9","Cardstock","Reverse legend F","476000","18.31","Median of GS S-TAG, GS S-TAG-7 × 1.7 × 25 pcs × bulk 0.7",""
"LOTO-TAG-188","Lockout tags","Standard lockout tags (25 pack)","Design 9","Cardstock","Reverse legend G","476000","18.31","Median of GS S-TAG, GS S-TAG-7 × 1.7 × 25 pcs × bulk 0.7",""
"LOTO-TAG-183","Lockout tags","Standard lockout tags (25 pack)","Design 9","Economy polyester","Reverse legend B","476000","18.31","Median of GS S-TAG, GS S-TAG-7 × 1.7 × 25 pcs × bulk 0.7",""
"LOTO-TAG-184","Lockout tags","Standard lockout tags (25 pack)","Design 9","Economy polyester","Reverse legend F","476000","18.31","Median of GS S-TAG, GS S-TAG-7 × 1.7 × 25 pcs × bulk 0.7",""
"LOTO-TAG-185","Lockout tags","Standard lockout tags (25 pack)","Design 9","Economy polyester","Reverse legend G","476000","18.31","Median of GS S-TAG, GS S-TAG-7 × 1.7 × 25 pcs × bulk 0.7",""
"LOTO-TAG-180","Lockout tags","Standard lockout tags (25 pack)","Design 9","Heavy-duty polyester","Reverse legend B","476000","18.31","Median of GS S-TAG, GS S-TAG-7 × 1.7 × 25 pcs × bulk 0.7",""
"LOTO-TAG-181","Lockout tags","Standard lockout tags (25 pack)","Design 9","Heavy-duty polyester","Reverse legend F","476000","18.31","Median of GS S-TAG, GS S-TAG-7 × 1.7 × 25 pcs × bulk 0.7",""
"LOTO-TAG-182","Lockout tags","Standard lockout tags (25 pack)","Design 9","Heavy-duty polyester","Reverse legend G","476000","18.31","Median of GS S-TAG, GS S-TAG-7 × 1.7 × 25 pcs × bulk 0.7",""
"LOTO-TAG-195","Lockout tags","Standard lockout tags (25 pack)","Design 10","Cardstock","Reverse legend B","476000","18.31","Median of GS S-TAG, GS S-TAG-7 × 1.7 × 25 pcs × bulk 0.7",""
"LOTO-TAG-196","Lockout tags","Standard lockout tags (25 pack)","Design 10","Cardstock","Reverse legend F","476000","18.31","Median of GS S-TAG, GS S-TAG-7 × 1.7 × 25 pcs × bulk 0.7",""
"LOTO-TAG-197","Lockout tags","Standard lockout tags (25 pack)","Design 10","Cardstock","Reverse legend G","476000","18.31","Median of GS S-TAG, GS S-TAG-7 × 1.7 × 25 pcs × bulk 0.7",""
"LOTO-TAG-192","Lockout tags","Standard lockout tags (25 pack)","Design 10","Economy polyester","Reverse legend B","476000","18.31","Median of GS S-TAG, GS S-TAG-7 × 1.7 × 25 pcs × bulk 0.7",""
"LOTO-TAG-193","Lockout tags","Standard lockout tags (25 pack)","Design 10","Economy polyester","Reverse legend F","476000","18.31","Median of GS S-TAG, GS S-TAG-7 × 1.7 × 25 pcs × bulk 0.7",""
"LOTO-TAG-194","Lockout tags","Standard lockout tags (25 pack)","Design 10","Economy polyester","Reverse legend G","476000","18.31","Median of GS S-TAG, GS S-TAG-7 × 1.7 × 25 pcs × bulk 0.7",""
"LOTO-TAG-189","Lockout tags","Standard lockout tags (25 pack)","Design 10","Heavy-duty polyester","Reverse legend B","476000","18.31","Median of GS S-TAG, GS S-TAG-7 × 1.7 × 25 pcs × bulk 0.7",""
"LOTO-TAG-190","Lockout tags","Standard lockout tags (25 pack)","Design 10","Heavy-duty polyester","Reverse legend F","476000","18.31","Median of GS S-TAG, GS S-TAG-7 × 1.7 × 25 pcs × bulk 0.7",""
"LOTO-TAG-191","Lockout tags","Standard lockout tags (25 pack)","Design 10","Heavy-duty polyester","Reverse legend G","476000","18.31","Median of GS S-TAG, GS S-TAG-7 × 1.7 × 25 pcs × bulk 0.7",""
"LOTO-TAG-026","Lockout tags","Energy source tags","Control panel","Number 1","Pack of 5","59000","2.27","Median of GS S-TAG, GS S-TAG-7 × 0.8 × 5 pcs × bulk 0.92",""
"LOTO-TAG-027","Lockout tags","Energy source tags","Control panel","Number 1","Pack of 25","224000","8.62","Median of GS S-TAG, GS S-TAG-7 × 0.8 × 25 pcs × bulk 0.7",""
"LOTO-TAG-028","Lockout tags","Energy source tags","Control panel","Number 2","Pack of 5","59000","2.27","Median of GS S-TAG, GS S-TAG-7 × 0.8 × 5 pcs × bulk 0.92",""
"LOTO-TAG-029","Lockout tags","Energy source tags","Control panel","Number 2","Pack of 25","224000","8.62","Median of GS S-TAG, GS S-TAG-7 × 0.8 × 25 pcs × bulk 0.7",""
"LOTO-TAG-030","Lockout tags","Energy source tags","Control panel","Number 3","Pack of 5","59000","2.27","Median of GS S-TAG, GS S-TAG-7 × 0.8 × 5 pcs × bulk 0.92",""
"LOTO-TAG-031","Lockout tags","Energy source tags","Control panel","Number 3","Pack of 25","224000","8.62","Median of GS S-TAG, GS S-TAG-7 × 0.8 × 25 pcs × bulk 0.7",""
"LOTO-TAG-032","Lockout tags","Energy source tags","Control panel","Number 4","Pack of 5","59000","2.27","Median of GS S-TAG, GS S-TAG-7 × 0.8 × 5 pcs × bulk 0.92",""
"LOTO-TAG-033","Lockout tags","Energy source tags","Control panel","Number 4","Pack of 25","224000","8.62","Median of GS S-TAG, GS S-TAG-7 × 0.8 × 25 pcs × bulk 0.7",""
"LOTO-TAG-034","Lockout tags","Energy source tags","Control panel","Number 5","Pack of 5","59000","2.27","Median of GS S-TAG, GS S-TAG-7 × 0.8 × 5 pcs × bulk 0.92",""
"LOTO-TAG-035","Lockout tags","Energy source tags","Control panel","Number 5","Pack of 25","224000","8.62","Median of GS S-TAG, GS S-TAG-7 × 0.8 × 25 pcs × bulk 0.7",""
"LOTO-TAG-036","Lockout tags","Energy source tags","Electrical","Number 1","Pack of 5","59000","2.27","Median of GS S-TAG, GS S-TAG-7 × 0.8 × 5 pcs × bulk 0.92",""
"LOTO-TAG-037","Lockout tags","Energy source tags","Electrical","Number 1","Pack of 25","224000","8.62","Median of GS S-TAG, GS S-TAG-7 × 0.8 × 25 pcs × bulk 0.7",""
"LOTO-TAG-038","Lockout tags","Energy source tags","Electrical","Number 2","Pack of 5","59000","2.27","Median of GS S-TAG, GS S-TAG-7 × 0.8 × 5 pcs × bulk 0.92",""
"LOTO-TAG-039","Lockout tags","Energy source tags","Electrical","Number 2","Pack of 25","224000","8.62","Median of GS S-TAG, GS S-TAG-7 × 0.8 × 25 pcs × bulk 0.7",""
"LOTO-TAG-040","Lockout tags","Energy source tags","Electrical","Number 3","Pack of 5","59000","2.27","Median of GS S-TAG, GS S-TAG-7 × 0.8 × 5 pcs × bulk 0.92",""
"LOTO-TAG-041","Lockout tags","Energy source tags","Electrical","Number 3","Pack of 25","224000","8.62","Median of GS S-TAG, GS S-TAG-7 × 0.8 × 25 pcs × bulk 0.7",""
"LOTO-TAG-042","Lockout tags","Energy source tags","Electrical","Number 4","Pack of 5","59000","2.27","Median of GS S-TAG, GS S-TAG-7 × 0.8 × 5 pcs × bulk 0.92",""
"LOTO-TAG-043","Lockout tags","Energy source tags","Electrical","Number 4","Pack of 25","224000","8.62","Median of GS S-TAG, GS S-TAG-7 × 0.8 × 25 pcs × bulk 0.7",""
"LOTO-TAG-044","Lockout tags","Energy source tags","Electrical","Number 5","Pack of 5","59000","2.27","Median of GS S-TAG, GS S-TAG-7 × 0.8 × 5 pcs × bulk 0.92",""
"LOTO-TAG-045","Lockout tags","Energy source tags","Electrical","Number 5","Pack of 25","224000","8.62","Median of GS S-TAG, GS S-TAG-7 × 0.8 × 25 pcs × bulk 0.7",""
"LOTO-TAG-046","Lockout tags","Energy source tags","Gas","Number 1","Pack of 5","59000","2.27","Median of GS S-TAG, GS S-TAG-7 × 0.8 × 5 pcs × bulk 0.92",""
"LOTO-TAG-047","Lockout tags","Energy source tags","Gas","Number 1","Pack of 25","224000","8.62","Median of GS S-TAG, GS S-TAG-7 × 0.8 × 25 pcs × bulk 0.7",""
"LOTO-TAG-048","Lockout tags","Energy source tags","Gas","Number 2","Pack of 5","59000","2.27","Median of GS S-TAG, GS S-TAG-7 × 0.8 × 5 pcs × bulk 0.92",""
"LOTO-TAG-049","Lockout tags","Energy source tags","Gas","Number 2","Pack of 25","224000","8.62","Median of GS S-TAG, GS S-TAG-7 × 0.8 × 25 pcs × bulk 0.7",""
"LOTO-TAG-050","Lockout tags","Energy source tags","Gas","Number 3","Pack of 5","59000","2.27","Median of GS S-TAG, GS S-TAG-7 × 0.8 × 5 pcs × bulk 0.92",""
"LOTO-TAG-051","Lockout tags","Energy source tags","Gas","Number 3","Pack of 25","224000","8.62","Median of GS S-TAG, GS S-TAG-7 × 0.8 × 25 pcs × bulk 0.7",""
"LOTO-TAG-052","Lockout tags","Energy source tags","Gas","Number 4","Pack of 5","59000","2.27","Median of GS S-TAG, GS S-TAG-7 × 0.8 × 5 pcs × bulk 0.92",""
"LOTO-TAG-053","Lockout tags","Energy source tags","Gas","Number 4","Pack of 25","224000","8.62","Median of GS S-TAG, GS S-TAG-7 × 0.8 × 25 pcs × bulk 0.7",""
"LOTO-TAG-054","Lockout tags","Energy source tags","Gas","Number 5","Pack of 25","224000","8.62","Median of GS S-TAG, GS S-TAG-7 × 0.8 × 25 pcs × bulk 0.7",""
"LOTO-TAG-055","Lockout tags","Energy source tags","Pneumatic / air","Number 1","Pack of 5","59000","2.27","Median of GS S-TAG, GS S-TAG-7 × 0.8 × 5 pcs × bulk 0.92",""
"LOTO-TAG-056","Lockout tags","Energy source tags","Pneumatic / air","Number 1","Pack of 25","224000","8.62","Median of GS S-TAG, GS S-TAG-7 × 0.8 × 25 pcs × bulk 0.7",""
"LOTO-TAG-057","Lockout tags","Energy source tags","Pneumatic / air","Number 2","Pack of 5","59000","2.27","Median of GS S-TAG, GS S-TAG-7 × 0.8 × 5 pcs × bulk 0.92",""
"LOTO-TAG-058","Lockout tags","Energy source tags","Pneumatic / air","Number 2","Pack of 25","224000","8.62","Median of GS S-TAG, GS S-TAG-7 × 0.8 × 25 pcs × bulk 0.7",""
"LOTO-TAG-059","Lockout tags","Energy source tags","Pneumatic / air","Number 3","Pack of 5","59000","2.27","Median of GS S-TAG, GS S-TAG-7 × 0.8 × 5 pcs × bulk 0.92",""
"LOTO-TAG-060","Lockout tags","Energy source tags","Pneumatic / air","Number 3","Pack of 25","224000","8.62","Median of GS S-TAG, GS S-TAG-7 × 0.8 × 25 pcs × bulk 0.7",""
"LOTO-TAG-061","Lockout tags","Energy source tags","Pneumatic / air","Number 4","Pack of 5","59000","2.27","Median of GS S-TAG, GS S-TAG-7 × 0.8 × 5 pcs × bulk 0.92",""
"LOTO-TAG-062","Lockout tags","Energy source tags","Pneumatic / air","Number 4","Pack of 25","224000","8.62","Median of GS S-TAG, GS S-TAG-7 × 0.8 × 25 pcs × bulk 0.7",""
"LOTO-TAG-063","Lockout tags","Energy source tags","Pneumatic / air","Number 5","Pack of 5","59000","2.27","Median of GS S-TAG, GS S-TAG-7 × 0.8 × 5 pcs × bulk 0.92",""
"LOTO-TAG-064","Lockout tags","Energy source tags","Pneumatic / air","Number 5","Pack of 25","224000","8.62","Median of GS S-TAG, GS S-TAG-7 × 0.8 × 25 pcs × bulk 0.7",""
"LOTO-TAG-075","Lockout tags","Energy source tags","Steam (orange)","Number 1","Pack of 5","59000","2.27","Median of GS S-TAG, GS S-TAG-7 × 0.8 × 5 pcs × bulk 0.92",""
"LOTO-TAG-076","Lockout tags","Energy source tags","Steam (orange)","Number 1","Pack of 25","224000","8.62","Median of GS S-TAG, GS S-TAG-7 × 0.8 × 25 pcs × bulk 0.7",""
"LOTO-TAG-077","Lockout tags","Energy source tags","Steam (orange)","Number 2","Pack of 5","59000","2.27","Median of GS S-TAG, GS S-TAG-7 × 0.8 × 5 pcs × bulk 0.92",""
"LOTO-TAG-078","Lockout tags","Energy source tags","Steam (orange)","Number 2","Pack of 25","224000","8.62","Median of GS S-TAG, GS S-TAG-7 × 0.8 × 25 pcs × bulk 0.7",""
"LOTO-TAG-079","Lockout tags","Energy source tags","Steam (orange)","Number 3","Pack of 5","59000","2.27","Median of GS S-TAG, GS S-TAG-7 × 0.8 × 5 pcs × bulk 0.92",""
"LOTO-TAG-080","Lockout tags","Energy source tags","Steam (orange)","Number 3","Pack of 25","224000","8.62","Median of GS S-TAG, GS S-TAG-7 × 0.8 × 25 pcs × bulk 0.7",""
"LOTO-TAG-081","Lockout tags","Energy source tags","Steam (orange)","Number 4","Pack of 5","59000","2.27","Median of GS S-TAG, GS S-TAG-7 × 0.8 × 5 pcs × bulk 0.92",""
"LOTO-TAG-082","Lockout tags","Energy source tags","Steam (orange)","Number 4","Pack of 25","224000","8.62","Median of GS S-TAG, GS S-TAG-7 × 0.8 × 25 pcs × bulk 0.7",""
"LOTO-TAG-083","Lockout tags","Energy source tags","Steam (orange)","Number 5","Pack of 5","59000","2.27","Median of GS S-TAG, GS S-TAG-7 × 0.8 × 5 pcs × bulk 0.92",""
"LOTO-TAG-084","Lockout tags","Energy source tags","Steam (orange)","Number 5","Pack of 25","224000","8.62","Median of GS S-TAG, GS S-TAG-7 × 0.8 × 25 pcs × bulk 0.7",""
"LOTO-TAG-065","Lockout tags","Energy source tags","Steam (red)","Number 1","Pack of 5","59000","2.27","Median of GS S-TAG, GS S-TAG-7 × 0.8 × 5 pcs × bulk 0.92",""
"LOTO-TAG-066","Lockout tags","Energy source tags","Steam (red)","Number 1","Pack of 25","224000","8.62","Median of GS S-TAG, GS S-TAG-7 × 0.8 × 25 pcs × bulk 0.7",""
"LOTO-TAG-067","Lockout tags","Energy source tags","Steam (red)","Number 2","Pack of 5","59000","2.27","Median of GS S-TAG, GS S-TAG-7 × 0.8 × 5 pcs × bulk 0.92",""
"LOTO-TAG-068","Lockout tags","Energy source tags","Steam (red)","Number 2","Pack of 25","224000","8.62","Median of GS S-TAG, GS S-TAG-7 × 0.8 × 25 pcs × bulk 0.7",""
"LOTO-TAG-069","Lockout tags","Energy source tags","Steam (red)","Number 3","Pack of 5","59000","2.27","Median of GS S-TAG, GS S-TAG-7 × 0.8 × 5 pcs × bulk 0.92",""
"LOTO-TAG-070","Lockout tags","Energy source tags","Steam (red)","Number 3","Pack of 25","224000","8.62","Median of GS S-TAG, GS S-TAG-7 × 0.8 × 25 pcs × bulk 0.7",""
"LOTO-TAG-071","Lockout tags","Energy source tags","Steam (red)","Number 4","Pack of 5","59000","2.27","Median of GS S-TAG, GS S-TAG-7 × 0.8 × 5 pcs × bulk 0.92",""
"LOTO-TAG-072","Lockout tags","Energy source tags","Steam (red)","Number 4","Pack of 25","224000","8.62","Median of GS S-TAG, GS S-TAG-7 × 0.8 × 25 pcs × bulk 0.7",""
"LOTO-TAG-073","Lockout tags","Energy source tags","Steam (red)","Number 5","Pack of 5","59000","2.27","Median of GS S-TAG, GS S-TAG-7 × 0.8 × 5 pcs × bulk 0.92",""
"LOTO-TAG-074","Lockout tags","Energy source tags","Steam (red)","Number 5","Pack of 25","224000","8.62","Median of GS S-TAG, GS S-TAG-7 × 0.8 × 25 pcs × bulk 0.7",""
"LOTO-TAG-085","Lockout tags","Energy source tags","Valve","Number 1","Pack of 5","59000","2.27","Median of GS S-TAG, GS S-TAG-7 × 0.8 × 5 pcs × bulk 0.92",""
"LOTO-TAG-086","Lockout tags","Energy source tags","Valve","Number 1","Pack of 25","224000","8.62","Median of GS S-TAG, GS S-TAG-7 × 0.8 × 25 pcs × bulk 0.7",""
"LOTO-TAG-087","Lockout tags","Energy source tags","Valve","Number 2","Pack of 5","59000","2.27","Median of GS S-TAG, GS S-TAG-7 × 0.8 × 5 pcs × bulk 0.92",""
"LOTO-TAG-088","Lockout tags","Energy source tags","Valve","Number 2","Pack of 25","224000","8.62","Median of GS S-TAG, GS S-TAG-7 × 0.8 × 25 pcs × bulk 0.7",""
"LOTO-TAG-089","Lockout tags","Energy source tags","Valve","Number 3","Pack of 5","59000","2.27","Median of GS S-TAG, GS S-TAG-7 × 0.8 × 5 pcs × bulk 0.92",""
"LOTO-TAG-090","Lockout tags","Energy source tags","Valve","Number 3","Pack of 25","224000","8.62","Median of GS S-TAG, GS S-TAG-7 × 0.8 × 25 pcs × bulk 0.7",""
"LOTO-TAG-091","Lockout tags","Energy source tags","Valve","Number 4","Pack of 5","59000","2.27","Median of GS S-TAG, GS S-TAG-7 × 0.8 × 5 pcs × bulk 0.92",""
"LOTO-TAG-092","Lockout tags","Energy source tags","Valve","Number 4","Pack of 25","224000","8.62","Median of GS S-TAG, GS S-TAG-7 × 0.8 × 25 pcs × bulk 0.7",""
"LOTO-TAG-093","Lockout tags","Energy source tags","Valve","Number 5","Pack of 5","59000","2.27","Median of GS S-TAG, GS S-TAG-7 × 0.8 × 5 pcs × bulk 0.92",""
"LOTO-TAG-094","Lockout tags","Energy source tags","Valve","Number 5","Pack of 25","224000","8.62","Median of GS S-TAG, GS S-TAG-7 × 0.8 × 25 pcs × bulk 0.7",""
"LOTO-TAG-095","Lockout tags","Energy source tags","Water","Number 1","Pack of 5","59000","2.27","Median of GS S-TAG, GS S-TAG-7 × 0.8 × 5 pcs × bulk 0.92",""
"LOTO-TAG-096","Lockout tags","Energy source tags","Water","Number 1","Pack of 25","224000","8.62","Median of GS S-TAG, GS S-TAG-7 × 0.8 × 25 pcs × bulk 0.7",""
"LOTO-TAG-097","Lockout tags","Energy source tags","Water","Number 2","Pack of 5","59000","2.27","Median of GS S-TAG, GS S-TAG-7 × 0.8 × 5 pcs × bulk 0.92",""
"LOTO-TAG-098","Lockout tags","Energy source tags","Water","Number 2","Pack of 25","224000","8.62","Median of GS S-TAG, GS S-TAG-7 × 0.8 × 25 pcs × bulk 0.7",""
"LOTO-TAG-099","Lockout tags","Energy source tags","Water","Number 3","Pack of 5","59000","2.27","Median of GS S-TAG, GS S-TAG-7 × 0.8 × 5 pcs × bulk 0.92",""
"LOTO-TAG-100","Lockout tags","Energy source tags","Water","Number 3","Pack of 25","224000","8.62","Median of GS S-TAG, GS S-TAG-7 × 0.8 × 25 pcs × bulk 0.7",""
"LOTO-TAG-101","Lockout tags","Energy source tags","Water","Number 4","Pack of 5","59000","2.27","Median of GS S-TAG, GS S-TAG-7 × 0.8 × 5 pcs × bulk 0.92",""
"LOTO-TAG-102","Lockout tags","Energy source tags","Water","Number 4","Pack of 25","224000","8.62","Median of GS S-TAG, GS S-TAG-7 × 0.8 × 25 pcs × bulk 0.7",""
"LOTO-TAG-103","Lockout tags","Energy source tags","Water","Number 5","Pack of 5","59000","2.27","Median of GS S-TAG, GS S-TAG-7 × 0.8 × 5 pcs × bulk 0.92",""
"LOTO-TAG-104","Lockout tags","Energy source tags","Water","Number 5","Pack of 25","224000","8.62","Median of GS S-TAG, GS S-TAG-7 × 0.8 × 25 pcs × bulk 0.7",""
"LOTO-TAG-017","Lockout tags","Photo lockout tags","Unlaminated","5.75 × 3 in.","Pack of 25","448000","17.23","Median of GS S-TAG, GS S-TAG-7 × 1.6 × 25 pcs × bulk 0.7",""
"LOTO-TAG-018","Lockout tags","Photo lockout tags","With laminate","5.75 × 3 in.","Pack of 10","236000","9.08","Median of GS S-TAG, GS S-TAG-7 × 1.6 × 10 pcs × bulk 0.92",""
"LOTO-TAG-019","Lockout tags","Photo lockout tags","With laminate","7 × 4 in.","Pack of 10","236000","9.08","Median of GS S-TAG, GS S-TAG-7 × 1.6 × 10 pcs × bulk 0.92",""
"LOTO-TAG-106","Lockout tags","Padlock tags","Do not operate","3 × 2 in.","Single","10000","0.38","Median of GS S-TAG, GS S-TAG-7 × 0.6",""
"LOTO-TAG-107","Lockout tags","Padlock tags","Do not operate, English / Spanish","3 × 2 in.","Single","10000","0.38","Median of GS S-TAG, GS S-TAG-7 × 0.6",""
"LOTO-TAG-105","Lockout tags","Padlock tags","Equipment locked out","3 × 2 in.","Single","10000","0.38","Median of GS S-TAG, GS S-TAG-7 × 0.6",""
"LOTO-TAG-020","Lockout tags","Mini safety tags & fasteners","Mini tag, 2.5 × 2 in.","Standard","Pack of 25","168000","6.46","Median of GS S-TAG, GS S-TAG-7 × 0.6 × 25 pcs × bulk 0.7",""
"LOTO-TAG-021","Lockout tags","Mini safety tags & fasteners","Nylon fasteners, 7 in.","Standard","Pack of 100","48000","1.85","Median of GS S-TAG, GS S-TAG-7 × 0.6 × 100 pcs × bulk 0.5",""
"LOTO-TAG-025","Lockout tags","Two-part perforated tags","Do not operate","Cardstock, 7.5 × 4 in.","Pack of 25","448000","17.23","Median of GS S-TAG, GS S-TAG-7 × 1.6 × 25 pcs × bulk 0.7",""
"LOTO-TAG-024","Lockout tags","Two-part perforated tags","Do not operate","Polyester, 7.5 × 4 in.","Pack of 25","448000","17.23","Median of GS S-TAG, GS S-TAG-7 × 1.6 × 25 pcs × bulk 0.7",""
"LOTO-TAG-023","Lockout tags","Two-part perforated tags","Locked out","Cardstock, 7.5 × 4 in.","Pack of 25","448000","17.23","Median of GS S-TAG, GS S-TAG-7 × 1.6 × 25 pcs × bulk 0.7",""
"LOTO-TAG-022","Lockout tags","Two-part perforated tags","Locked out","Polyester, 7.5 × 4 in.","Pack of 25","448000","17.23","Median of GS S-TAG, GS S-TAG-7 × 1.6 × 25 pcs × bulk 0.7",""
"LOTO-TAG-016","Lockout tags","Custom-legend lockout tags","Do not operate","5.75 × 3 in.","Pack of 25","392000","15.08","Median of GS S-TAG, GS S-TAG-7 × 1.4 × 25 pcs × bulk 0.7",""
"LOTO-TAG-015","Lockout tags","Custom-legend lockout tags","Equipment locked out","5.75 × 3 in.","Pack of 25","392000","15.08","Median of GS S-TAG, GS S-TAG-7 × 1.4 × 25 pcs × bulk 0.7",""
"LOTO-TAG-011","Lockout tags","Specialty lockout tags & ties","Language tag set A","Cardstock","Pack of 25","448000","17.23","Median of GS S-TAG, GS S-TAG-7 × 1.6 × 25 pcs × bulk 0.7",""
"LOTO-TAG-010","Lockout tags","Specialty lockout tags & ties","Language tag set A","Economy polyester","Pack of 25","448000","17.23","Median of GS S-TAG, GS S-TAG-7 × 1.6 × 25 pcs × bulk 0.7",""
"LOTO-TAG-009","Lockout tags","Specialty lockout tags & ties","Language tag set A","Heavy-duty polyester","Pack of 25","448000","17.23","Median of GS S-TAG, GS S-TAG-7 × 1.6 × 25 pcs × bulk 0.7",""
"LOTO-TAG-014","Lockout tags","Specialty lockout tags & ties","Language tag set B","Cardstock","Pack of 25","448000","17.23","Median of GS S-TAG, GS S-TAG-7 × 1.6 × 25 pcs × bulk 0.7",""
"LOTO-TAG-013","Lockout tags","Specialty lockout tags & ties","Language tag set B","Economy polyester","Pack of 25","448000","17.23","Median of GS S-TAG, GS S-TAG-7 × 1.6 × 25 pcs × bulk 0.7",""
"LOTO-TAG-012","Lockout tags","Specialty lockout tags & ties","Language tag set B","Heavy-duty polyester","Pack of 25","448000","17.23","Median of GS S-TAG, GS S-TAG-7 × 1.6 × 25 pcs × bulk 0.7",""
"LOTO-TAG-005","Lockout tags","Specialty lockout tags & ties","Metal-detectable ties, 7 in.","Standard","Pack of 10","236000","9.08","Median of GS S-TAG, GS S-TAG-7 × 1.6 × 10 pcs × bulk 0.92",""
"LOTO-TAG-006","Lockout tags","Specialty lockout tags & ties","Metal-detectable ties, 7 in.","Standard","Pack of 100","1280000","49.23","Median of GS S-TAG, GS S-TAG-7 × 1.6 × 100 pcs × bulk 0.5",""
"LOTO-TAG-002","Lockout tags","Specialty lockout tags & ties","Roll style 1","Standard","Roll of 100","1280000","49.23","Median of GS S-TAG, GS S-TAG-7 × 1.6 × 100 pcs × bulk 0.5",""
"LOTO-TAG-001","Lockout tags","Specialty lockout tags & ties","Roll style 1","Standard","Roll of 250","3200000","123.08","Median of GS S-TAG, GS S-TAG-7 × 1.6 × 250 pcs × bulk 0.5",""
"LOTO-TAG-004","Lockout tags","Specialty lockout tags & ties","Roll style 2","Standard","Roll of 100","1280000","49.23","Median of GS S-TAG, GS S-TAG-7 × 1.6 × 100 pcs × bulk 0.5",""
"LOTO-TAG-003","Lockout tags","Specialty lockout tags & ties","Roll style 2","Standard","Roll of 250","3200000","123.08","Median of GS S-TAG, GS S-TAG-7 × 1.6 × 250 pcs × bulk 0.5",""
"LOTO-TAG-007","Lockout tags","Specialty lockout tags & ties","Tag style 1","Economy polyester","Pack of 25","448000","17.23","Median of GS S-TAG, GS S-TAG-7 × 1.6 × 25 pcs × bulk 0.7",""
"LOTO-TAG-008","Lockout tags","Specialty lockout tags & ties","Tag style 1","Heavy-duty polyester","Pack of 25","448000","17.23","Median of GS S-TAG, GS S-TAG-7 × 1.6 × 25 pcs × bulk 0.7",""
"LOTO-TAG-198","Lockout tags","Specialty lockout tags & ties","Washdown tag, style 1","Standard","Pack of 10","236000","9.08","Median of GS S-TAG, GS S-TAG-7 × 1.6 × 10 pcs × bulk 0.92",""
"LOTO-TAG-199","Lockout tags","Specialty lockout tags & ties","Washdown tag, style 2","Standard","Pack of 10","236000","9.08","Median of GS S-TAG, GS S-TAG-7 × 1.6 × 10 pcs × bulk 0.92",""
"LOTO-TAG-200","Lockout tags","Specialty lockout tags & ties","Washdown tag, style 3","Standard","Pack of 10","236000","9.08","Median of GS S-TAG, GS S-TAG-7 × 1.6 × 10 pcs × bulk 0.92",""
"LOTO-TAG-201","Lockout tags","Specialty lockout tags & ties","Washdown tag, style 4","Standard","Pack of 10","236000","9.08","Median of GS S-TAG, GS S-TAG-7 × 1.6 × 10 pcs × bulk 0.92",""